text,recorded_at
ğŸ˜‚ğŸ˜‚ https://t.co/ELC2qFbLXr,2023-03-14 21:51:19.783027
text,recorded_at
ğŸ¦ğŸ¥ğŸ§›â€â™‚ï¸ğŸ™‡â€â™‚ï¸68178âœZPKjZPğŸ˜ğŸ¤ çœ‹ç‰‡ğŸ‘‰ç‚¹å¤´åƒ #è¿·å¥¸ #èè‰ ç”µæŠ¥ç¾¤é“¾æ¥âœˆï¸   https://t.co/toJy1F2of8,2023-03-14 21:51:19.794356
text,recorded_at
RT @Penguinbox1: å­ã‚¶ãƒ¡ã¨ãŠå›£å­ã€€å†æ²ğŸ¡ https://t.co/EgWYfXpUTb,2023-03-14 21:51:19.801356
text,recorded_at
ê³ ì„±ì¶œì¥ì•ˆã…ã… ì¶œì¥ìƒµ ê³ ì„±êµ°ì¡°ê±´ë§Œë‚¨ #ì„¹íŠ¸ https://t.co/hXVLbBZwri,2023-03-14 21:51:19.804354
text,recorded_at
"@LemonadeFinance Thank you @LemonadeFinance  for this wonderful opportunity,

I am very grateful and thankful to have a best friend like you @0xcecilia28,  who is always been there for me unconditionally, understand and listen to my drama in life. Cheering and support me ğŸ’— 

#UseLemonadeFinance",2023-03-14 21:51:19.811354
text,recorded_at
"RT @fuhentetsu: ãƒˆãƒ©ãƒƒã‚¯è¡çªäº‹æ•…ã®é€Ÿåº¦ã«ã‚ˆã‚‹å½±éŸ¿
 https://t.co/WozQyNegGb",2023-03-14 21:51:19.817353
text,recorded_at
ã‚·ãƒ¼æ´¾ãŒãƒ©ãƒ³ãƒ‰æ´¾ã‹ã£ã¦ã‚ã‚‹ã‘ã©ã“ã‚Œã©ã£ã¡ã‚‚åˆ¥ã®ãƒ™ã‚¯ãƒˆãƒ«ã§è‰¯ã™ãã¦æ±ºã‚ã‚‰ã‚Œã‚“ãƒã‚¸ã§æ±ºã‚ã‚‰ã‚Œã‚“ã‹ã‚‰2ã¤ãƒã‚±ãƒƒãƒˆè²·ã†ã—ã‹ã­ãˆ(ï¼Ÿï¼Ÿï¼Ÿï¼Ÿ),2023-03-14 21:51:19.824357
text,recorded_at
"Se kuinka moni ihminen ympÃ¤ri maailmaa kertoo olevansa ihastunut kÃ¤Ã¤rijÃ¤Ã¤n on tÃ¤ydellinen todiste siitÃ¤, ettÃ¤ incelien sÃ¶ssÃ¶tys pituudesta ei pidÃ¤ paikkaansa, voit olla 162cm Jere Vantaalta ja brasiliassa asti tehdÃ¤Ã¤n sulle stan-twitter accoja, jos oot aivan vitun ihana.",2023-03-14 21:51:19.832353
text,recorded_at
"RT @Theaimharithsa: Ni kalau nak bagi gift kat somebody boleh la ğŸ˜ğŸˆ Bag dia pon lawa gila â¤ï¸

link : https://t.co/ps3kvPjTTf https://t.co/Wâ€¦",2023-03-14 21:51:19.839355
text,recorded_at
"RT @EovaldiIsma: ğŸ°GÃ¼nÃ¼n Her dakikasÄ±nda kaliteli bahis ve casino oyunlarÄ±na anÄ±nda ulaÅŸabilirsiniz  #parmabet 
 Ãœye Ol ğŸ”— https://t.co/0LqrGâ€¦",2023-03-14 21:51:19.846355
text,recorded_at
RT @adult_porns: ğŸ¥ à¦¬à¦¾à¦—à¦¿à¦¯à¦¼à¦¾à¦¨ ğŸ¥ @Lovesbugs17  https://t.co/Ysz7fdfdvS,2023-03-14 21:51:19.849354
text,recorded_at
"RT @lunaestreIIad0s: MAMAMOO+ Hanbok concept + breakup play'

Pre release song 'Chico Malo' mood sampler show the scene where Kim Junsu wasâ€¦",2023-03-14 21:51:19.855358
text,recorded_at
"@krzysztofwpanek Skoro to takie nic, to czemu goÅ›Ä‡ podbiega do niego, chwile po tym gdy wiatr mocniej dmuchnÄ…Å‚, by zasÅ‚oniÄ‡ widok tej klamki za paskiem?",2023-03-14 21:51:19.862355
text,recorded_at
1635564143892742150ğŸ°,2023-03-14 21:51:19.866353
text,recorded_at
"RT @Z_Pour_Demain: ğŸ’¥ Nous aussi ON N'A PAS DIT NOTRE DERNIER MOT !
â€¼ï¸Ce week-end en hommage Ã  la sortie du dernier livre d'Ã‰ric Zemmour, onâ€¦",2023-03-14 21:51:19.872353
text,recorded_at
"@IxMortals @demiean_udo @Vibe_List @wassime53827921 @AbdallahMeddahi 
@ChamiMohamed17 
@KEzzian2 
@7G052cCav3NEYRB",2023-03-14 21:51:19.880355
text,recorded_at
"RT @tominafarm: ç•ªçŠ¬ãƒã‚®ã‚ªãŒå ãˆã¾ãã£ã¦ã‚‹ã‹ã‚‰ä½•ã‹ã¨æ€ãˆã°ã€ä»Šå¹´ã‚‚è·¯è‚©ã«è»Šåœã‚ã¦é¦¬é”ã‚’ç„¡æ–­æ’®å½±ã—ã¦ã‚‹äººãŒã„ã¾ã—ãŸã€‚
æ•·åœ°å†…ã«ä¾µå…¥ã—ãŸã‚Šé¦¬ã«å±å®³ã‚’åŠ ãˆãŸã‚Šã¯ãªã„ã‚ˆã†ãªã®ã§å£°æ›ã‘ã¯ã—ã¾ã›ã‚“ã§ã—ãŸãŒã€å­é¦¬ãŒæ”¾ç‰§åœ°ã«å‡ºã‚‹ã“ã®æ™‚æœŸå¿…ãšã“ã®æ‰‹ã®è¼©ãŒç¾ã‚Œã‚‹ã‚“ã§ã™ã‚ˆã­â€¦ã€‚ htâ€¦",2023-03-14 21:51:19.884356
text,recorded_at
"RT @EovaldiIsma: ğŸ°GÃ¼nÃ¼n Her dakikasÄ±nda kaliteli bahis ve casino oyunlarÄ±na anÄ±nda ulaÅŸabilirsiniz  #parmabet 
 Ãœye Ol ğŸ”— https://t.co/0LqrGâ€¦",2023-03-14 21:51:19.889354
text,recorded_at
"@EdKrassen I donâ€™t know a single farmer that disliked trump and unlike you I have lived in farm country my whole life, also unlike you Iâ€™m not a payed DNC mouth piece that is a known liar. Hey you gotta get payed somehow huh.",2023-03-14 21:51:19.896353
text,recorded_at
@hhhhhhhomupaii ã„ã„ã‚ˆï¼ï¼ã‚ã£ã¡ã‚ƒå¼·ã„ã£ã¦ã‚ã‘ã§ã¯ãªã„ã‘ã©...,2023-03-14 21:51:19.901354
text,recorded_at
å¤•ç©º20230314ãƒ»ãƒ»ãƒ»é›²ãŒã‹ã‘ã£ã“ã—ã¦ã‚‹ã‚ˆ https://t.co/iLAnkNGzGI,2023-03-14 21:51:19.905354
text,recorded_at
"RT @shaileshINC: à¤µà¤°à¤¿à¤·à¥à¤  à¤ªà¤¤à¥à¤°à¤•à¤¾à¤°, à¤…à¤‚à¤¤à¤°à¤°à¤¾à¤·à¥à¤Ÿà¥à¤°à¥€à¤¯ à¤°à¤¾à¤œà¤¨à¤¯ à¤•à¥‡ à¤µà¤¿à¤¶à¥à¤²à¥‡à¤·à¤• à¤¡à¥‰. à¤µà¥‡à¤¦à¤ªà¥à¤°à¤¤à¤¾à¤ª à¤µà¥ˆà¤¦à¤¿à¤• à¤œà¥€ à¤•à¤¾ à¤¨à¤¿à¤§à¤¨ à¤­à¤¾à¤°à¤¤à¥€à¤¯ à¤ªà¤¤à¥à¤°à¤•à¤¾à¤°à¤¿à¤¤à¤¾ à¤•à¥€ à¤…à¤ªà¥‚à¤°à¤£à¥€à¤¯ à¤•à¥à¤·à¤¤à¤¿!

à¤ˆà¤¶à¥à¤µà¤°â€¦",2023-03-14 21:51:19.912356
text,recorded_at
"â‘¢ã§ã¤ã•ã‚“ã®ã¨ã“ã‚ã¾ã§æ¡ˆå†…ã™ã‚‹ã¨ã‚½ãƒ‡ãŒè‡ªã‚‰ã§ã¤ã•ã‚“ã®è…¹ã«ç™»ã£ã¦ã„ã£ãŸã®ã§ã€ã§ã¤ã•ã‚“ã®ä¸¡æ‰‹ã‚’å¸ƒå›£ã‹ã‚‰å¼•ã£å¼µã‚Šå‡ºã—ã¦æ’«ã§ã•ã›ã¦ã¿ãŸã€‚
â‘£ã©ã†ï¼Ÿã“ã‚Œã§ã„ã„ï¼Ÿ https://t.co/asbm2L4wex",2023-03-14 21:51:19.918355
text,recorded_at
@settarkaya Allah fitnecileri sevmez,2023-03-14 21:51:19.923356
text,recorded_at
RT @libre05179304: They want this technology here!âš¡ï¸âš¡ï¸ https://t.co/nMYTJ4o6bf,2023-03-14 21:51:19.930356
text,recorded_at
"å•é¡Œã¯ãƒ¢ãƒ‹ã‚¿ãƒ¼ã®ã‚¹ãƒšãƒƒã‚¯ãŒä¸ŠãŒã£ãŸã®ã«PCãŒã¤ã„ã¦ã“ã‚Œã‚‹ã‹ã€‚
ãƒ•ãƒ¬ãƒ¼ãƒ ãƒ¬ãƒ¼ãƒˆåˆ¶é™ã™ã‚Œã°å¤§ä¸ˆå¤«ã‹ï¼Ÿ",2023-03-14 21:51:19.934354
text,recorded_at
"@yuhiJunior @kanisekere Sinabimenya byose gusa najyerajyeje kandi Murakoze kumpugura

Nkwibutse,bimwe hano bihindurwa na telephone ubwayo",2023-03-14 21:51:19.939354
text,recorded_at
"@elly_niji0820 ç¦ãƒ›ã‚¤ãƒƒãƒ—ï¼ï¼Ÿåˆã‚ã¦èã„ãŸã£ğŸ˜‚
ã•ã¿ã—ã•ãŒç†ç”±ãªã‚‰è¨±ã•ã‚Œã‚‹ã‚ˆğŸ‘ğŸ‘",2023-03-14 21:51:19.947353
text,recorded_at
"RT @EgliseCMP: ğŸ…»ğŸ…´ğŸ…²ğŸ†ƒğŸ†„ğŸ†ğŸ…´ ğŸ…³ğŸ†„ ğŸ…¹ğŸ…¾ğŸ†„ğŸ†
Mardi  14 Mars 2023

Et Mica dit: Maintenant, je sais que lâ€™Ã‰ternel me fera du bien, puisque jâ€™ai ce LÃ©viteâ€¦",2023-03-14 21:51:19.951355
text,recorded_at
"RT @hololivetv: ï¼
ã€Œ #ãƒ›ãƒ­ãƒ©ã‚¤ãƒ–ãƒ—ãƒ­ãƒ€ã‚¯ã‚·ãƒ§ãƒ³ ã€ã®å…¬å¼ã‚µã‚¤ãƒˆãŒãƒªãƒ‹ãƒ¥ãƒ¼ã‚¢ãƒ«ğŸ‰ğŸ¥³
ï¼¼

ã‚µã‚¤ãƒˆãƒ‡ã‚¶ã‚¤ãƒ³ã‚‚ä¸€æ–°ã•ã‚Œã¾ã—ãŸã®ã§ã€æ˜¯éã‚¢ã‚¯ã‚»ã‚¹ã—ã¦ã¿ã¦ãã ã•ã„âœ¨ğŸ™Œ

ğŸ”½ãƒªãƒ‹ãƒ¥ãƒ¼ã‚¢ãƒ«å¾Œã®å…¬å¼ã‚µã‚¤ãƒˆã¯ã‚³ãƒãƒ©ğŸ”½
https://t.co/PzaCl4Zugi

#ãƒ›ãƒ­ãƒ©â€¦",2023-03-14 21:51:19.958353
text,recorded_at
@twyse_116 Onion buddy. Cheating is the solution yo Cheating. ğŸ˜†,2023-03-14 21:51:19.966354
text,recorded_at
"RT @msrmmn: ã€ãŠçŸ¥ã‚‰ã›ã€‘

æ˜æ—¥3/15ã¯ #ç†Šæœ¬çœŒ 2åº—èˆ—å·¡ã‚Šã§ã™ï¼

â‘ æŠ½é¸ã€œ14:40é ƒ
â‘¡15:00ã€œ16:00äºˆå®š

ã‚ˆã‚ã—ããŠé¡˜ã„ã—ã¾ã™ğŸªà¿âœ©.Ëš
#RTã—ãŸäººå…¨å“¡ãƒ•ã‚©ãƒ­ãƒ¼ã™ã‚‹ https://t.co/PABKP3RDYh",2023-03-14 21:51:19.972356
text,recorded_at
ì˜¬ë¦¬ë¸Œì†Œê¸ˆë¹µë„ ì™„ì„±!ğŸ«’ğŸ¥ğŸ«’ğŸ¥ğŸ«’ https://t.co/lFNEEn6uGk,2023-03-14 21:51:19.980354
text,recorded_at
"@futursuzftrst @elcinarabaci YÄ±llar once rahmetli babam iÃ§in acil kan lazÄ±m olmustu,hayvan gibi para odetmiÅŸlerdi ogÃ¼nden sonra ne para verdÄ±m ne de kanÄ±mÄ±!!!",2023-03-14 21:51:19.984353
text,recorded_at
"RT @Zek58158: DayÄ±m NOKTAYI koymuÅŸ daÄŸÄ±la bilirsiniz !!
 https://t.co/8PEEOUvK9J",2023-03-14 21:51:19.989353
text,recorded_at
"RT @Kirin_Company: ğŸ‰æœ¬æ—¥ã‚¹ã‚¿ãƒ¼ãƒˆğŸ‰

#æ–°ã‚­ãƒªãƒ³ãƒ¬ãƒ¢ãƒ³ç™ºå£²è¨˜å¿µã‚­ãƒ£ãƒ³ãƒšãƒ¼ãƒ³
3æœˆ20æ—¥ï¼ˆæœˆï¼‰23:59ã¾ã§æ¯æ—¥å¿œå‹Ÿå¯èƒ½â™ª

@Kirin_Company ã‚’ãƒ•ã‚©ãƒ­ãƒ¼ï¼†ã“ã®æŠ•ç¨¿ã‚’RTã™ã‚‹ã¨ã€æŠ½é¸ã§100åæ§˜ã« #æ–°ã‚­ãƒªãƒ³ãƒ¬ãƒ¢ãƒ³ 1ã‚±ãƒ¼ã‚¹ãŒå½“ãŸã‚‹ğŸ
â€»çµæœã¯ã™ãâ€¦",2023-03-14 21:51:19.998354
text,recorded_at
"RT @zee24taasnews: à¤¶à¥‡à¤¤à¤•à¤±à¥à¤¯à¤¾à¤‚à¤šà¤¾ à¤à¤²à¥à¤—à¤¾à¤°, à¤¨à¤¾à¤¶à¤¿à¤•à¤¹à¥‚à¤¨ à¤®à¥‹à¤°à¥à¤šà¤¾à¤šà¥€ à¤®à¥à¤‚à¤¬à¤ˆà¤•à¤¡à¥‡ à¤†à¤—à¥‡à¤•à¥‚à¤š à¥¤ à¤ªà¤¾à¤¹à¤¾ à¤«à¥‹à¤Ÿà¥‹

#KisanLongMarch #Farmers #FarmersMorcha #Nashik  #Farâ€¦",2023-03-14 21:51:20.003355
text,recorded_at
@Revantramhardu1 @ashokgehlot51 @RajCMO @CMHelpdesk @DrBDKallaINC @INCRajasthan @AAPRajasthan @RLPRAJ_ @BJP4Rajasthan @hanumanbeniwal @NarayanBeniwal7 @BhagirathNain6 @RLPINDIAorg @MukeshChhapri @AartiGodara1 @koushlyaNCB @AnjuJaat2373531 @sanjujaat98 Rajasthan,2023-03-14 21:51:20.008355
text,recorded_at
"RT @sengoku_enbu: ï¼
çœŸãƒ»ä¸€é¨å½“åƒ Ã— æˆ¦å›½ç‚èˆ ã‚³ãƒ©ãƒœè¨˜å¿µâ€¼
ğŸ”¥Twitterã‚­ãƒ£ãƒ³ãƒšãƒ¼ãƒ³ğŸ”¥
ï¼¼

æœ¬ãƒ„ã‚¤ãƒ¼ãƒˆã‚’ã„ã„ã­ï¼†RTã§Amazonã‚®ãƒ•ãƒˆåˆ¸10,000å††åˆ†ãŒã‚‚ã‚‰ãˆã‚‹ãƒãƒ£ãƒ³ã‚¹ğŸ‰ğŸ‰

ã•ã‚‰ã«ã€2000ã„ã„ã­ï¼†RTæ¯ã«ã‚³ãƒ©ãƒœã‚¬ãƒãƒ£åˆ¸ãƒ—ãƒ¬ã‚¼ãƒ³ãƒˆğŸ

â³æœŸé–“â€¦",2023-03-14 21:51:20.016354
text,recorded_at
RT @adeli_gotohome: ì•‰ì•„ê°€ëŠ” ê±¸ ë¶€ëŸ¬ì›Œí•˜ì‹œëŠ” ë¶„ë“¤ì´ ë§ìœ¼ì‹œêµ°ìš”... ì™œ ì•‰ì•„ê°ˆ ìˆ˜ ìˆì„ê¹Œìš”... ì—¬ê¸°ì„œë¶€í„° ì”ì¸í•´ì§‘ë‹ˆë‹¤...,2023-03-14 21:51:20.021356
text,recorded_at
"@THEFABSIX @BunnyFriendy @Suvarna_17 @Happy_vibe_ @YashuSlays @Lilith_blair31 Yeh Kimds waali harqat humlog nahi, jyoti krti hai ğŸ¥±ğŸ˜ğŸ˜‚",2023-03-14 21:51:20.028356
text,recorded_at
"@zalmee4 ÙˆØ¹Ù„ÛŒÚ©Ù… ÙˆØ³Ù„Ø§Ù… 
Ø³ØªØ§ Ù¾Ù‡ Ø®ÛŒØ± Ù…Ø­ØªØ±Ù…Ù‡",2023-03-14 21:51:20.032353
text,recorded_at
@ButtCrackSports https://t.co/3nInfpKN6Q,2023-03-14 21:51:20.037359
text,recorded_at
"Ãgua santa kkkkkk
Perdeu pra um time q chama Ã¡gua santa vtc 
Obg SPFC",2023-03-14 21:51:20.047354
text,recorded_at
@alwayshappy1513 Buenos dias GlağŸŒğŸ¤—ğŸ˜˜ğŸ¶â˜•,2023-03-14 21:51:20.053353
text,recorded_at
@Mohamme00537192 @ad_hlp @FATOON07 @nader_29x Ù„ÙŠØ´ ØŸ Ù†Ø­Ù† Ø­Ø±ÙŠÙ† Ø¨Ù†Ø·Ø¨Ø¹ Ù…Ø¹ Ù…Ù† Ù…Ø§Ù†Ø¨ØºÙŠ Ø§Ù„Ø§Ù‡Ù… Ù…Ù† ÙƒÙ„ Ù‡Ø°Ø§ Ø§Ù„ÙƒÙ„ ÙŠÙ…Ø´ÙŠ Ø¹Ù„Ù‰ Ø®Ø·Ù‰ Ø³ÙŠØ§Ø³Ø© Ø§Ù„Ø§Ù…Ø§Ø±Ø§Øª Ø¨Ø´ÙƒÙ„ Ø¹Ø§Ù…ğŸ˜,2023-03-14 21:51:20.062365
text,recorded_at
"RT @ohirune_nerune: æ­“å£°ãŒOKã«ãªã£ã¦ã€ã„ã‚ã„ã‚ãªåå¿œãŒã€Œæ¥½ã—ã„ã€æ…å¾ãã‚“

ä½•åå¹´ã‚‚ã‚„ã£ã¦ã‚‹ã‹ã‚‰ä½•æ™‚é–“ã§ã‚‚è©±ã›ã‚‹ã‘ã©ã‚¹ã‚¿ãƒƒãƒ•ã•ã‚“ã‹ã‚‰ã®é•·ã„ã‚’å¯Ÿã—ã¦æ¬¡ã«ç§»ã‚ã†ã¨ã—ãŸæ™‚ã€ä¼šå ´ã‹ã‚‰å‰²ã‚Œã‚“ã°ã‹ã‚Šã®ã€Œã‚¨ãƒ¼ãƒ¼ãƒ¼ãƒ¼ãƒ¼ãƒ¼ãƒ¼ï¼ï¼ï¼ã€

ã€ã¿ã‚“ãªãŒã‚¨ãƒ¼ãƒ¼ï¼ã¨ã„ã†æ­¦å™¨ã‚’æ‰‹ã«å…¥ã‚Œâ€¦",2023-03-14 21:51:20.067353
text,recorded_at
Channing Cronin Caesar PatienceHarry CommonsAbbott Craigie,2023-03-14 21:51:20.073950
text,recorded_at
@guardiannews https://t.co/oPQ5BW1zBJ,2023-03-14 21:51:20.081878
text,recorded_at
@i0uyhtU5VvrgZrg ã‚ã‚ŠãŒã¨ï¼ï¼ï¼,2023-03-14 21:51:20.085038
text,recorded_at
RT @JetsadaWangkaew: Ig poom_poomm à¸«à¸¡à¸µà¹†à¸à¸µà¹ˆà¸Šà¸­à¸šà¸¡à¸±à¹‰à¸¢ 555 #à¸ à¸¹à¸¡à¸´ #à¸¥à¸³à¸›à¸²à¸‡ #à¹€à¸Šà¸µà¸¢à¸‡à¹ƒà¸«à¸¡à¹ˆ #à¸«à¸¸à¹ˆà¸™à¸«à¸¡à¸µ #à¸­à¸²à¸¢à¸¸19 https://t.co/vCcj6UBjLz,2023-03-14 21:51:20.090078
text,recorded_at
RT @yjazbmg: í—ˆê¸°ìƒìˆ˜ìƒìë‹µë‹¤,2023-03-14 21:51:20.097075
text,recorded_at
"La fille du roi de Jordanie Ã©pouse un financier dâ€™origine grecque

#Israel

https://t.co/6t0p8Ta3wo",2023-03-14 21:51:20.103078
text,recorded_at
"@furkancerkes Dikkat edin!

GeÃ§miÅŸi gÃ¶z torbalarÄ± ÅŸiÅŸik bir terÃ¶ristin dizinin dibinden gelenlerin hepsi birbirini deli gibi savunuyor https://t.co/IUBsiDLoSB",2023-03-14 21:51:20.108074
text,recorded_at
"RT @BroJoeChiRho: Like, why even get the degree if you don't engage in the subject on the one time in your life it will ever come up?

Assuâ€¦",2023-03-14 21:51:20.116076
text,recorded_at
äººé–“è£…ã†åŒ–ã‘ç‰©å¤§å¥½ã,2023-03-14 21:51:20.122943
text,recorded_at
"RT @AHindinews: à¤‡à¤¨à¤•à¥€ à¤¸à¤°à¤•à¤¾à¤°(à¤•à¤¾à¤‚à¤—à¥à¤°à¥‡à¤¸) à¤µà¤¿à¤µà¤¾à¤¦à¥‹à¤‚ à¤®à¥‡à¤‚ à¤˜à¤¿à¤°à¥€ à¤°à¤¹à¥€, à¤†à¤œ à¤®à¥‹à¤¦à¥€ à¤•à¥€ à¤¸à¤°à¤•à¤¾à¤° à¤‰à¤®à¥à¤®à¥€à¤¦à¥‹à¤‚ à¤®à¥‡à¤‚ à¤˜à¤¿à¤°à¥€ à¤¹à¥ˆà¥¤ à¤¯à¥‡ à¤…à¤¡à¤¾à¤¨à¥€,à¤…à¤‚à¤¬à¤¾à¤¨à¥€,JPC à¤¤à¥‹ à¤¬à¤¹à¤¾à¤¨à¤¾ à¤¹à¥ˆ, à¤®à¥‹à¤¦à¥€ à¤•à¥‹â€¦",2023-03-14 21:51:20.130916
text,recorded_at
Cathy Gladstone Franklin TomlinsonAnsel LawsonHogan Alfred,2023-03-14 21:51:20.136917
text,recorded_at
"@Anonymous9775 Im Kenia #DÃ¼rre, im #tschad seit vielen Jahren dauerÃ¼berschemmung, und jetzt im #WÃ¼stenstaat nach schneefall letzen monat. Da verschiebt sich ordentlich was. Gibt es denn eine Seite fÃ¼r niederschlagsabweichungen weltweit?!",2023-03-14 21:51:20.147920
text,recorded_at
Lynn Smith    #é’å²›    #é’å²›ä¸è¶³    https://t.co/iDbcmcFtiq,2023-03-14 21:51:20.151919
text,recorded_at
"@nikzharov Ğ¯ Ñ‚Ğ°ĞºĞµ Ğ¾Ğ±ĞºĞ»Ğ°Ğ´Ğ°Ñ Ğ· Ğ´Ğ²Ğ¾Ñ… ÑÑ‚Ğ¾Ñ€Ñ–Ğ½ ĞºĞ¾Ñ€Ğ¾Ğ±ĞºĞ°Ğ¼Ğ¸, Ñ‰Ğ¾ Ğ²Ğ°Ğ»ÑÑÑ‚ÑŒÑÑ Ğ·Ğ°Ğ²Ğ¶Ğ´Ğ¸ Ğ¿Ğ¾Ñ€ÑĞ´ Ğ· Ğ´Ğ¾Ğ¼Ğ¾Ğ¼ ÑĞ°Ğ¼Ğµ Ğ´Ğ»Ñ Ñ‚Ğ¾Ğ³Ğ¾ Ñ‰Ğ¾Ğ± Ğ½Ğµ Ğ·Ğ°Ğ¹Ğ¼Ğ°Ğ»Ğ¸ Ñ†Ğµ Ğ¼Ñ–ÑÑ†Ğµ",2023-03-14 21:51:20.157916
text,recorded_at
All things are easy that are  u o #æ¨ç‰¹åˆ·ç²‰ä¸  IE R I Ldone willingly   https://t.co/296r4XE5lT,2023-03-14 21:51:20.165920
text,recorded_at
"RT @JoshieGiveaways: Oh my! yâ€™all engagement fills me with joy! Therefore

#Fortnite Metalcore Mina pack to someone who retweets :) (followâ€¦",2023-03-14 21:51:20.171920
text,recorded_at
@en_esprit75 Il a passÃ© une mauvaise journÃ©e ğŸ¤£,2023-03-14 21:51:20.179918
text,recorded_at
RT @pornflakes110: @ManuelNieblaKu @AngelbunnyAA @SergioBarulin @uzunmakarna2017 @Artisticero @sweetrose820801 @IkuhiroTaka @Heavenly696969â€¦,2023-03-14 21:51:20.185918
text,recorded_at
"Sur un emballage en alu qui se dÃ©chire.
MORT DE RIRE. https://t.co/jrewCxK0yC",2023-03-14 21:51:20.200578
text,recorded_at
"@_BarringtonII Businesses could pay to reinsurance their money.  Or actually read the ledgers of the banks they do business with.  These losses were already on the books, just not taken yet.",2023-03-14 21:51:20.219574
text,recorded_at
RT @urbex_34: æ˜æ²»æ™‚ä»£ã«ç¯‰ã‹ã‚ŒãŸäº”å¤§ç›£ç„ã®ä¸­ã§ã€å”¯ä¸€ãã®å½“æ™‚ã®å§¿ã‚’æ®‹ã™æ—§å¥ˆè‰¯ç›£ç„ã€‚ https://t.co/LAxYUNq75B,2023-03-14 21:51:20.267574
text,recorded_at
"ğŸ NEW Big #FCFS #Airdrop @META_STARx ğŸ‰ğŸ‰ 
 
âœ…Follow @META_STARx 
âœ…Like &amp; RT &amp; Tag 3 friends
âœ…Free 600,000 $BMA PRICE POOL PRICE POOL Token  â¤µ

https://t.co/G2IxHXcVQ1

#Airdrop #META_STARx #FCFS #Giveaway #NFT #NFTGiveaway #IDO #AI #Crypto #BSC",2023-03-14 21:51:20.318781
text,recorded_at
@ENHYPEN_members à¸­à¹‰à¸²à¸à¸²à¸«à¸ªà¸ªà¸«à¸«à¸§à¸«à¸§à¸«à¸§,2023-03-14 21:51:20.351320
text,recorded_at
"RT @takewithsalt: #XiaoZhan Ralph Lauren Business Activity
Dated: 3/28 Shenzhen #cpop",2023-03-14 21:51:20.406313
text,recorded_at
Interact if you see this tweet! I want to post but since I wasnâ€™t really active Im feeling like a ghost ğŸ§ğŸ¼â€â™€ï¸,2023-03-14 21:51:20.416309
text,recorded_at
RT @Mugen3solider: æ¯æ ¡ã¨ã€æ˜” äººç³ãŒè½ã¡ã¦ãŸé“ https://t.co/2rNZeGmeDe,2023-03-14 21:51:20.420310
text,recorded_at
@W1970aa @alyaphd Ù‡Ù‡Ù‡Ù‡Ù‡Ù‡Ù‡Ù‡Ù‡Ù‡Ù‡Ù‡ Ø§ÙŠ ÙˆØ§Ù„Ù„Ù‡ ÙˆÙ„Ùˆ Ø¹Ù…Ù‰ Ø§Ø­Ø³Ù† ÙŠØ²ÙŠÙ† Ø´ØºÙ„Ù‡,2023-03-14 21:51:20.424311
text,recorded_at
@kir_jcn0 ãŠã‚ã§ã¨ï¼,2023-03-14 21:51:20.432312
text,recorded_at
RT @honey_mzx: à¸­à¸¢à¸²à¸à¹€à¸«à¸¡à¸²à¸•à¸¸à¹Šà¸à¸•à¸²à¸—à¸±à¹‰à¸‡à¹‚à¸¥à¸à¹ƒà¸«à¹‰à¸«à¸™à¸¹à¸„à¸™à¹€à¸”à¸µà¸¢à¸§à¹€à¸¥à¸¢ à¸™à¹‰à¸­à¸‡à¹à¸ˆà¸¡à¸„à¸™à¹€à¸à¹ˆà¸‡ à¹‚à¸­à¹€à¸­à¹‹ à¹€à¸šà¸šà¸µà¹‹ à¸ˆà¸¸à¸šà¸¸ à¸ˆà¸´à¸šà¸´ ğŸ°ğŸ§¸ğŸğŸŒ»âœ¨ https://t.co/08H3ZZ3e7O,2023-03-14 21:51:20.435309
text,recorded_at
"RT @beat_keii: (cos)
                 ã‚ãªãŸã®æƒ³ã„ã‚’
                     å¤§åˆ‡ãªäººã¸

         ã‚·ãƒ£ãƒ‹ãƒã‚¹Ã—DARSÃ—æµ…å€‰é€ https://t.co/MFJmlnmt67",2023-03-14 21:51:20.441311
text,recorded_at
"RT @steve_hanke: In Lahore, Pakistanis rally in support of former PM Khan. Protestors carry signs saying, ""Khan is our red line."" Take a loâ€¦",2023-03-14 21:51:20.451309
text,recorded_at
"Entretien en anglais je stresse comme un collÃ©gien, pourtant jâ€™ai dÃ©jÃ  commandÃ© une pizza aux US",2023-03-14 21:51:20.455310
text,recorded_at
ã‚ã‚ŠãŒã¨ã†SparkleğŸ˜­ğŸ˜­ğŸ˜­ğŸ˜­,2023-03-14 21:51:20.463311
text,recorded_at
"RT @bac0n_pancakes_: 2ì›” ë¯¸êµ­ì— ê°œë´‰í•´ì„œ ì´ë¯¸ ë³´ê³  ì˜¨ ì‚¬ëŒìœ¼ë¡œì¨ í•œë§ˆë”” ì¶•ì•½í•˜ìë©´ ìê·¹ì„±ë§Œ ì¢‡ê³  ì¬ë¯¸ë„ ë­£ë„ ì—†ëŠ” ì¢ƒë§ì‘ì„
í‰ë¡ ê°€ í‰ í•œì¤„ ë¹Œë ¤ì˜¤ë©´ ""í˜¸ê¸°ì‹¬ìœ¼ë¡œ ë“¤ì—¬ë‹¤ë³¼ ê°€ì¹˜ë„ ì—†ëŠ” ì˜í™”""",2023-03-14 21:51:20.468309
text,recorded_at
"3/13 â˜†

intake: 1,168 calories
burned: 176 calories
net: 992 calories 

â€¢ 4.7k steps
â€¢ 16 fl oz water
â€¢ 16 hour fast",2023-03-14 21:51:20.483309
text,recorded_at
"RT @latin_hermes: RT when you see it
#fitness https://t.co/PoF84AjPbD",2023-03-14 21:51:20.491311
text,recorded_at
ìœ¼ë¦¬ ë°˜ì— ì „í•™ìƒ ì˜¨ëŒœ,2023-03-14 21:51:20.528313
text,recorded_at
Pearl Yonng Verna Andrew #ç›åŸèµ„æº #ç›åŸ Elvis Gaskell https://t.co/jzmcyQa2mA,2023-03-14 21:51:20.534314
text,recorded_at
@ChiaraHarreau ce serai au boulot jusqu'Ã  22hğŸ˜Š je t'embrasse ğŸ¥°ğŸ˜˜,2023-03-14 21:51:20.541309
text,recorded_at
@Nico_trainwreck @RusHeritageUK Good morning. Thank you for the comment. And the 1919 endorsement?,2023-03-14 21:51:20.549311
text,recorded_at
"RT @ongredientsjp: ï¼
ğŸ‰ HAPPY BIRTHDAY JIHOON ğŸ¶ğŸ¾
ï¼¼

TREASUREã®ãƒªãƒ€ã‚ºé ¼ã‚Œã‚‹ã‚¢ãƒƒãƒ‘ğŸ’ªã“ã¨
ã‚¸ãƒ•ãƒ³ãŠèª•ç”Ÿæ—¥ãŠã‚ã§ã¨ã†ã”ã–ã„ã¾ã™ğŸ‚

ã‚¸ãƒ•ãƒ³ã«ã¨ã£ã¦HAPPYã§é£›èºã®å¹´ã¨ãªã‚Šã¾ã™ã‚ˆã†ã«ğŸ™

ongredientsã¯ã“ã‚Œã‹ã‚‰ã‚‚ã‚¸â€¦",2023-03-14 21:51:20.565309
text,recorded_at
"RT @ElMundoTolkien: Andy Serkis narrando El SeÃ±or de los Anillos , incorporando su voz de Gollum, es lo mejor que verÃ¡s hoy. ğŸ˜€â™¥ï¸

https://tâ€¦",2023-03-14 21:51:20.571309
text,recorded_at
"Wow gila sih mv nya asli. Tapi kayaknya emang wota seleranya begitu ğŸ¤­ mrk lagi ngasih makan fansnya, kasian amat memberÂ² https://t.co/JvNb0Rm2tv",2023-03-14 21:51:20.583310
text,recorded_at
RT @DestinyOfAugust: à¸¡à¸¶à¸‡ à¸à¸¸à¹€à¸‚à¸´à¸™à¸¡à¸´à¸™à¸®à¸¢à¸­à¸™à¸„à¸¥à¸´à¸›à¸™à¸µà¹‰à¸ˆà¸°à¸•à¸²à¸¢à¸¥à¸° à¹à¸§à¹ˆà¸™à¸­à¸°à¹„à¸£à¸‚à¸­à¸‡à¹€à¸‚à¸²à¸à¹‡à¹„à¸¡à¹ˆà¸£à¸¸à¹‰ à¹ƒà¸ªà¹ˆà¹à¸¥à¹‰à¸§à¸«à¸¥à¹ˆà¸­à¸¡à¸²à¸ à¸®à¸·à¸­à¹†à¹†à¹†à¹† à¸«à¸¥à¹ˆà¸­à¸¡à¸²à¸ à¸ªà¹€à¸›à¸„à¸¡à¸²à¸ à¹ƒà¸«à¹‰à¸„à¸§à¸²à¸¡à¸£à¸¸à¹‰à¸ªà¸¶à¸à¹€à¸«à¸¡à¸·à¸­à¸™à¹€à¸›à¹‡à¸™à¹€â€¦,2023-03-14 21:51:20.596396
text,recorded_at
@makossan_clm8 ã‚ã‚‰ã‚¡ãŠå¿™ã—ã„ã®ã­,2023-03-14 21:51:20.601348
text,recorded_at
RT @Vijai_Laxmi: Do tune into India TV at 6:20 PM today to watch the no-holds-barred interview with Leader of Congress Party in Lok Sabha.â€¦,2023-03-14 21:51:20.615759
text,recorded_at
"RT @jkteamkor2: RT 700

WE MISS YOU JUNGKOOK ğŸ”¥ğŸ”¥ğŸ”¥

I vote #LeftandRight for #BestMusicVideo at #iHeartAwards https://t.co/nY18yD3H5y",2023-03-14 21:51:20.635762
text,recorded_at
RT @atat250: https://t.co/iNAszW3cV2,2023-03-14 21:51:20.640759
text,recorded_at
"RT @Realoilsheikh: The Noble Prophet (SAW) said:

""The rights a Muslim has over another Muslim are six (6):

1. If he meets him, he'd say ""â€¦",2023-03-14 21:51:20.653763
text,recorded_at
ä»Šæ—¥ä¼šç¤¾ã®é£²ã¿ä¼šã ã£ãŸã®ã™ã£ã‹ã‚Šå¿˜ã‚Œã¦ãŸ,2023-03-14 21:51:20.656760
text,recorded_at
"ğŸ’•How was your day? 
#é’å²›èµ„æº #é’å²›ä¸è¶³ #é’å²› https://t.co/K3JtM8QBwo",2023-03-14 21:51:20.667758
text,recorded_at
@dina_baalbaki ØµØ¨Ø§Ø­ Ø§Ù„Ø®ÙŠØ±,2023-03-14 21:51:20.681759
text,recorded_at
DO you like me ? â¤â¤ https://t.co/AyTpJG5fpm,2023-03-14 21:51:20.688760
text,recorded_at
"ä»Šæ—¥

ã€Œæ˜”è¿·ã„çŠ¬ã‚’ä¿è­·ã—ãŸã‚“ã ã‘ã©3å¹´çµŒã£ãŸã‚ã‚‹æ—¥ã€æ€¥ã«å™›ã¿ã¤ã„ã¦ããŸã‹ã‚‰ã™ãã«é§†é™¤éšŠã«ãŠé¡˜ã„ã—ãŸã€

ã£ã¦è©±ã—ã‚’èã„ãŸ
å¤§æ˜”ã®è©±ã¿ãŸã„ã ã‘ã©ã•ã€ã€
ç§ã¯ä½•ã‚‚è¿”ã›ãªã‹ã£ãŸã‚ˆã€ã€ã€",2023-03-14 21:51:20.699763
text,recorded_at
RT @INDlRECTAZ: https://t.co/QrQ820ueIR,2023-03-14 21:51:20.703758
text,recorded_at
"RT @TheRavenCrypto: $100 â€” 18 Hours â€” 

â– RT &amp; Follow : @kekleo_official

â– RT &amp; Like to quoted tweet â¬‡ï¸",2023-03-14 21:51:20.716758
text,recorded_at
"RT @zafersahin06: CHPâ€™de milletvekili aday adaylarÄ±yla illere gÃ¶re gÃ¶rÃ¼ÅŸecek parti yetkilileri listesiâ€¦
Bilgi amaÃ§lÄ± paylaÅŸalÄ±mâ€¦ https://t.â€¦",2023-03-14 21:51:20.722761
text,recorded_at
@AndaluciaJunta @JuanMa_Moreno https://t.co/wY8ytBi0hB,2023-03-14 21:51:20.738763
text,recorded_at
@naaa_sansonsun ãŠã¤ã‚ã‚Šã§ã™ã€œğŸ˜­ğŸ’•,2023-03-14 21:51:20.748761
text,recorded_at
RT @mmmgnsn: ğŸ¤ğŸ¤Happy White dayğŸ¤ğŸ¤ #åŸç¥ ğŸ’ https://t.co/c7vmk3vDLf,2023-03-14 21:51:20.754762
text,recorded_at
"RT @UberFacts: Sex is viewed as a basic human right in the Netherlands

Citizens with disabilities can get government funding to pay for seâ€¦",2023-03-14 21:51:20.766762
text,recorded_at
RT @natanakane: ï¼ƒã‚´ãƒ«ã‚·ã¨ãƒãƒƒã‚¯ã‚¤ãƒ¼ãƒ³ https://t.co/QO5Sf5698a,2023-03-14 21:51:20.771233
text,recorded_at
"RT @Genshin_7: ã€ğŸ’šHappy WhitedayğŸ’šã€‘
æ—…ã®è¦‹èã‚’å…±æœ‰ã—ã¦ãã‚Œã¦ã€ç¤¼ã‚’è¨€ã†ã€‚
å±é™ºãªæ™‚ã‚‚ã‚ã£ãŸã‚ˆã†ã ãŒã€ç„¡äº‹ã§ä½•ã‚ˆã‚Šã ã€‚
æˆ‘ã«è¿”ã›ã‚‹ã‚ˆã†ãªç‰©èªã¯ãªã„ãŒã€
ä»£ã‚ã‚Šã«ã“ã®è“å­ã‚’ã‚„ã‚‹ã€‚
æ „é¤Šã‚’åŠ¹ç‡ã‚ˆãæ‘‚ã‚Œã‚‹ç”˜å‘³ã‚‰ã—ã„â€¦å£ã«åˆã†ã‹ã©ã†ã‹ã¯åˆ†ã‹ã‚‰ãªã„ã€‚
ã¨ã«ã‹â€¦",2023-03-14 21:51:20.784943
text,recorded_at
RT @SKMCH: Your donation can make the difference in the lives of cancer patients at #ShaukatKhanumHospital https://t.co/PjtMfnK3AT,2023-03-14 21:51:20.798943
text,recorded_at
"RT @reenezive: $15 | 220.000 IDR - 2 HOURS ğŸ›•

RT like &amp; Follow @NFTHabercisi ğŸ””",2023-03-14 21:51:20.817945
text,recorded_at
@zeidarusek @_I_uka @Tomek69249845 Za duÅ¼o TVP ğŸ˜˜,2023-03-14 21:51:20.824209
text,recorded_at
RT @EpicCock1: ğŸŒ½ https://t.co/XgAsfObvvR https://t.co/dF9D5g1GGo,2023-03-14 21:51:20.839227
text,recorded_at
"RT @VanLiberdade: Porque essas pragas tem tanto medo dessa CPMI?ğŸ‘€ tem alguma coisa a ser descoberta, SIM OU CLARO?ğŸ”¥ https://t.co/b0nwO7Xgxa",2023-03-14 21:51:20.868224
text,recorded_at
"@kristof_right Ğ¢ÑƒÑ‚ Ğ½Ğµ Ğ²Ğ¸Ğ¶Ñƒ Ğ¿Ñ€Ğ¾Ñ‚Ğ¸Ğ²Ğ¾Ñ€ĞµÑ‡Ğ¸Ğ¹, Ñ„Ğ»Ğ°Ğ³ Ğ›Ğ“Ğ‘Ğ¢ Ğ²ÑĞµĞ³Ğ¾ Ğ»Ğ¸ÑˆÑŒ Ñ„Ğ»Ğ°Ğ³ Ğ›Ğ“Ğ‘Ğ¢. Ğ¤Ğ»Ğ°Ğ³ Ğ›Ğ“Ğ‘Ğ¢ Ğ´Ğ»Ñ Ğ»Ğ¸Ğ±ĞµÑ€Ñ‚Ğ°Ñ€Ğ¸Ğ°Ğ½Ñ†Ñ‹ Ğ±Ğ¾Ğ»ĞµĞµ Ğ»ĞµĞ³Ğ¸Ñ‚Ğ¸Ğ¼Ğ½Ñ‹Ğ¹ Ñ‡ĞµĞ¼ Ñ„Ğ»Ğ°Ğ³ Ğ³Ğ¾ÑÑƒĞ´Ğ°Ñ€ÑÑ‚Ğ²Ğ°.",2023-03-14 21:51:20.885742
text,recorded_at
"RT @mustafagoktep12: Ä°ZZET VE KEREM SAHÄ°BÄ° OLAN ALLAHIM BÄ°ZE YARDIM EDECEK Ä°NÅAALLAH
#StajyerTorbadanUmutlu",2023-03-14 21:51:20.891678
text,recorded_at
"RT @Ito53Shin: ç§ãŒã‚³ãƒ¼ãƒ‡ã‚£ãƒãƒ¼ã‚¿ãƒ¼ã‚’å‹™ã‚ãŸã€Œè‡ªåˆ†ã”ã¨åŒ–ä¼šè­°inæ¾æ±Ÿã€ã€‚ãƒ†ãƒ¼ãƒã€Œè‡ªç„¶ã‚¨ãƒãƒ«ã‚®ãƒ¼ã€ã§ã®è­°è«–ã‚’ã€å³¶æ ¹å¤§å­¦ã®å­¦ç”ŸãŒã•ã‚‰ã«æ·±å €ã—ã¦ã€Œå­¦ç”Ÿç‰ˆææ¡ˆæ›¸ã€ã‚’ä½œæˆã—ã¾ã—ãŸã€‚ä»Šæ—¥ã¯å•é¡Œæèµ·è€…ã¨ã—ã¦å‚åŠ ã—ã¦ã‚‚ã‚‰ã£ãŸæ²³é‡ã•ã‚“ã«ææ¡ˆæ›¸ã‚’æ‰‹äº¤ã€‚
ã€Œè‡ªåˆ†ã”ã¨åŒ–ä¼šè­°inæ¾æ±Ÿã€ã«ã¤â€¦",2023-03-14 21:51:20.903710
text,recorded_at
"ã“ã‚“ã¡ã‚‡ã“â™¥Â¨Ì®ğŸ«

ä»Šæ—¥ã¯ã€ãƒ–ãƒ¬ã‚¢ã‚¦ã‚£ãƒƒãƒã€‘ã®ç¶šãã‚„ã‚‹â£ï¸
ä»–ã®æ–¹ã®å‹•ç”»è¦‹ãŸã‘ã©ã€
ç§ã®ãƒãƒ¬ãƒƒãƒˆã¯ã‚„ã£ã±ã‚Šãƒã‚°ã£ã½ã„ğŸ¥º
èª°ã‚‚ã‚ã‚“ãªã«èµ°ã‚Šå›ã£ã¦ãªã‹ã£ãŸw

23æ™‚é ƒã‹ã‚‰ã‚„ã‚‹ã‹ã‚‰
ãŠæ™‚é–“åˆãˆã°éŠã³ã«æ¥ã¦ã­ã‡ã‡ğŸ¥°

#BLAIRWITCH #ãƒ–ãƒ¬ã‚¢ã‚¦ã‚£ãƒƒãƒ #ã‚²ãƒ¼ãƒ å®Ÿæ³

â–· https://t.co/fhSrsiblFg â—",2023-03-14 21:51:20.915710
text,recorded_at
RT @jjwwpp5: @scb_thailand à¸«à¸¸à¹‰à¸™à¸•à¸à¸„à¹ˆà¸° à¸Šà¹‰à¸­à¸™à¸«à¸¸à¹‰à¸™à¸ˆà¸™à¸Šà¹‰à¸­à¸™à¸«à¸±à¸à¹à¸¥à¹‰à¸§à¸„à¹ˆà¸° https://t.co/jONI23SWUd,2023-03-14 21:51:20.921709
text,recorded_at
RT @PoQq62887537: à¸­à¸¢à¸²à¸à¸”à¸¹à¸«à¸µà¹€à¸”à¹‡à¸10-15 #à¸«à¸µà¹€à¸”à¹‡à¸12 #à¸«à¸µà¹€à¸”à¹‡à¸ #à¹€à¸‡à¸µà¹ˆà¸¢à¸™à¸«à¸µ https://t.co/EVCREBg81g,2023-03-14 21:51:20.933708
text,recorded_at
RT @Geethanjali_IFS: Very endearing to watch the genuine love and care between the orphaned elephant calf and the foster parents. Salutes tâ€¦,2023-03-14 21:51:20.939711
text,recorded_at
"ã¿ã‚“ãªã‹ã‚‰ã®åŒ¿åè³ªå•ã‚’å‹Ÿé›†ä¸­ï¼

ã¾ãƒ¼æ±°ãã•ã‚“ã¯ã¾ã ç­”ãˆãŸè³ªå•ãŒã‚ã‚Šã¾ã›ã‚“ï¼
ã¾ãƒ¼æ±°ãã•ã‚“ã®è¨˜å¿µã™ã¹ãæœ€åˆã®å›ç­”ã¯ã‚ãªãŸã®è³ªå•ã‹ã‚‚ï¼ï¼Ÿ
#è³ªå•ç®± #åŒ¿åè³ªå•å‹Ÿé›†ä¸­

https://t.co/CI24F9Isjz",2023-03-14 21:51:20.957710
text,recorded_at
@yuikudo0306 @weekly_SPA çˆ†ä¹³  ãºã‚ãºã‚(à¹‘Â´Ú¡`à¹‘)ãºã‚ãºã‚ğŸ‘…,2023-03-14 21:51:20.974028
text,recorded_at
@monicagcllerr neanche una scena in ospedale per piacere,2023-03-14 21:51:20.986024
text,recorded_at
"RT @Kokosetto: Holding you tight 

3/4 https://t.co/phvG30sHKD",2023-03-14 21:51:20.999027
text,recorded_at
RT @nhk_news: ç¨²è‘‰ç¯¤ç´€ã•ã‚“ãŒç©ºãå·£è¢«å®³ WBCã®å„ªå‹è¨˜å¿µæŒ‡è¼ªãªã©ç›—ã¾ã‚Œã‚‹ #nhk_news https://t.co/W1AysgBE7y,2023-03-14 21:51:21.006029
text,recorded_at
ä¸€ç¬ã ã£ãŸã‘ã©ã€ã¨ã‚Šã‚ãˆãšå¯æ„›ãã¦ç¾äººã•ã‚“ã ã£ãŸè¨˜æ†¶ãŒã‚ã‚‹ğŸ˜ç—›ãƒã‚‚å„ªã¡ã‚ƒã‚“æ„›ã«æº¢ã‚Œã¦ã¦ç´ æ•µã§â€¦å†™çœŸæ’®ã‚Œãªãã¦ã‚ã¡ã‚ƒãã¡ã‚ƒå¾Œæ‚”ã—ã¦ã‚‹ğŸ˜­ãŠå–å¼•ã«ã‚¨ãƒ³ã‚«ã«å¿™ã—ã‹ã£ãŸã¿ãŸã„ã§ã€å¸¸ã«èª°ã‹ã„ãŸã‚‰ã—ã„ã€‚ãã‚Šã‚ƒã‚ã‚“ã ã‘å¤–è¦‹ã‚ˆã‹ã£ãŸã‚‰å¯„ã£ã¦ãã‚‹ã—äººæ°—è€…ã«ãªã‚Šãã†ã€‚å¹•å¼µã§ã¯ã‚†ã£ãã‚ŠãŠè©±ã§ããŸã‚‰è‰¯ã„ãª https://t.co/TszekJzZWA,2023-03-14 21:51:21.018033
text,recorded_at
@Injaneb_Amiram Ù…ÛŒØ´Ù‡ ÙØ§Ù„ÙˆÙ… Ú©Ù†ÛŒ Ø¨Ú© Ø¨Ø¯Ù… :)ØŸ,2023-03-14 21:51:21.022026
text,recorded_at
"RT @famima_now: âœ¨:ï¾Ÿâ‹†ğŸŠï½¡:ï¾Ÿ*âœ¨:ï¾Ÿï½¥ğŸŠâ‹†:*âœ¨:ï¾Ÿâ‹†ğŸŠ

ã€€ã€€    ã€€æŠ½é¸ã§10ä¸‡åæ§˜ã«
ãƒˆãƒ­ãƒ”ã‚«ãƒ¼ãƒŠ 100% ã‚ªãƒ¬ãƒ³ã‚¸ 330ml
ã€€ã€€   ç„¡æ–™ã‚¯ãƒ¼ãƒãƒ³ãŒå½“ãŸã‚‹ğŸ

ğŸŠï½¡:ï¾Ÿ*âœ¨â‹†ï½¡ğŸŠâ‹†ï½¡:ï¾Ÿâœ¨:ï¾Ÿï½¥ğŸŠï½¡:ï¾Ÿ*âœ¨

ğŸ¹å‚åŠ æ–¹æ³•ğŸ¹
â‘ @famima_â€¦",2023-03-14 21:51:21.035026
text,recorded_at
"@ShopeeID Ø¨Ø³Ù… Ø§Ù„Ù„Ù‡ Ø§Ù„Ø±Ø­Ù…Ù† Ø§Ù„Ø±Ø­ÙŠÙ…

Semoga bisa ganti hp
#GalaxyA14diShopee #GengPastiPasti

4620",2023-03-14 21:51:21.041025
text,recorded_at
"RT @akiran_gayaNM: ä»Šæ—¥ã®TLã¯ã€ã‚¨ã‚¹ã‚³ãƒ³ç¾åœ°æ°‘ã‹ã‚‰ã®è²´é‡ãªæƒ…å ±ãŒå¤šã‹ã£ãŸã€‚
è©¦åˆã‚ˆã‚Šã€ãã£ã¡ã®æƒ…å ±åé›†ãŒãƒ¡ã‚¤ãƒ³ã‚ˆãªï½—

æ˜æ—¥è¡Œãæ–¹ã‚‚ã€å ´å†…é£²é£Ÿåº—ãªã©ã®æƒ…å ±ãã ã•ãƒ¼ã„â˜º",2023-03-14 21:51:21.054026
text,recorded_at
"RT @Colon56Nsab: æ˜æ—¥21æ™‚ã‹ã‚‰æ”¾é€ã™ã‚‹ã‚ˆâœ¨

ãŠæ¥½ã—ã¿ã«âœ¨ğŸ’™",2023-03-14 21:51:21.068028
text,recorded_at
ì´ëŸ´ìˆ˜ê°€. https://t.co/xHWvocYbvr,2023-03-14 21:51:21.073027
text,recorded_at
"RT @KartikiChauhan8: à¤®à¤¹à¤¾à¤¬à¥€à¤° à¤¬à¤¿à¤•à¥à¤°à¤® à¤¬à¤œà¤°à¤‚à¤—à¥€
à¤•à¥à¤®à¤¤à¤¿ à¤¨à¤¿à¤µà¤¾à¤° à¤¸à¥à¤®à¤¤à¤¿ à¤•à¥‡ à¤¸à¤‚à¤—à¥€
à¤•à¤‚à¤šà¤¨ à¤¬à¤°à¤¨ à¤¬à¤¿à¤°à¤¾à¤œ à¤¸à¥à¤¬à¥‡à¤¸à¤¾
à¤•à¤¾à¤¨à¤¨ à¤•à¥à¤‚à¤¡à¤² à¤•à¥à¤‚à¤šà¤¿à¤¤ à¤•à¥‡à¤¸à¤¾
FAHMAAN RULING AS RAVI",2023-03-14 21:51:21.085027
text,recorded_at
"RT @domitila_barros: Fred D. fez gesto de que a Domitila estava mentindo, aqui estÃ¡ o vÃ­deo onde ele tenta fazer um acordo sem usar a palavâ€¦",2023-03-14 21:51:21.091026
text,recorded_at
RT @Chrisbamidele: The commission is not only making efforts to conduct the 2023 census but also laying a solid foundation for the seamlessâ€¦,2023-03-14 21:51:21.100025
text,recorded_at
RT @byniyaiiiiiz: à¸•à¸­à¸™à¸™à¸µà¹‰à¸¡à¸²à¸£à¹Œà¸„à¸¡à¸µ songwriting credits à¸ à¸²à¸¢à¹ƒà¸•à¹‰à¸Šà¸·à¹ˆà¸­à¸•à¸±à¸§à¹€à¸­à¸‡à¹à¸¥à¹‰à¸§à¸—à¸±à¹‰à¸‡à¸«à¸¡à¸” 72 à¹€à¸à¸¥à¸‡ à¹€à¸«à¹‡à¸™à¸¢à¸­à¸”à¹à¸¥à¹‰à¸§à¸­à¸¶à¹‰à¸‡à¹€à¸¥à¸¢ à¸›à¸à¸•à¸´à¸ˆà¸°à¹€à¸«à¹‡à¸™à¹à¸„à¹ˆà¸‚à¹ˆà¸²à¸§à¹€à¸›à¹‡à¸™à¹€à¸à¸¥à¸‡à¹† à¸à¸­à¸¡à¸µà¸„â€¦,2023-03-14 21:51:21.115860
text,recorded_at
@marwael04063740 Ø§Ù„Ù„Ù‡Ù… Ø§Ù…ÙŠÙ† ÙŠØ§Ø±Ø¨ Ø§Ù„Ø¹Ø§Ù„Ù…ÙŠÙ†,2023-03-14 21:51:21.122207
text,recorded_at
"RT @SonguelSunny: Dazu das Original, so dass niemand sagen kann, hat er ja nie gesagt ;-). HÃ¶rt es Euch an!

#GeorgFriedmann aus dem Jahr 2â€¦",2023-03-14 21:51:21.132665
text,recorded_at
"@ForeverwithRM #SmokeSprite
#ìŠ¤ëª¨í¬ìŠ¤í”„ë¼ì´íŠ¸_í”¼ì²˜ë§ë‚¨ì¤€
SMOKE SPRITE OUT NOW
SMOKE SPRITE IS HERE",2023-03-14 21:51:21.152680
text,recorded_at
RT @Woh_meow_hai: When it comes to disappointing parents I'm literally him https://t.co/9SwVpCH9jr,2023-03-14 21:51:21.166682
text,recorded_at
"RT @Lizhon_: à¹€à¸­à¸²à¸¥à¹ˆà¸° à¸‚à¸­à¸§à¸´à¹€à¸„à¸£à¸²à¸°à¸«à¹Œà¹€à¸™à¸·à¹‰à¸­à¹†à¹€à¸à¸µà¹ˆà¸¢à¸§à¸à¸±à¸šà¹„à¸­à¹‰à¹€à¸§à¸£à¸•à¸°à¹„à¸¥à¸ˆà¸­à¸™à¹à¸ˆà¸ˆà¸¸à¸™à¸«à¸™à¹ˆà¸­à¸¢

à¸«à¸¥à¸²à¸¢à¸„à¸™à¸„à¸´à¸”à¸§à¹ˆà¸²à¸¡à¸±à¸™à¸£à¸±à¸à¸¥à¸¹à¸ à¹à¸•à¹ˆà¸—à¸µà¹ˆà¸£à¸¹à¹‰à¸ªà¸¶à¸à¸ˆà¸£à¸´à¸‡à¹†à¸™à¸µà¹ˆà¹„à¸¡à¹ˆà¹ƒà¸Šà¹ˆà¸„à¸§à¸²à¸¡à¸£à¸±à¸à¸ªà¸±à¸à¸™à¸´à¸”à¹€à¸¥à¸¢à¸™à¸°â€¦",2023-03-14 21:51:21.171682
text,recorded_at
@Khalessi_09 @kingshola Saw his his quote somewhere.,2023-03-14 21:51:21.183685
text,recorded_at
RT @_4llili: ÙƒÙ„ Ù…Ø§ Ø²Ø§Ù†Øª Ø§Ù„Ø¬Ù„Ø³Ø© Ø¯Ø§Ù‡Ù…Ùƒ Ø§Ù„ØªÙÙƒÙŠØ± Ø¨Ø§Ù„Ù…Ø³ØªÙ‚Ø¨Ù„,2023-03-14 21:51:21.188680
text,recorded_at
@yosinon1112 ã“ã®å‰ã¾ã§ã¯è†ã‹ã‚‰ä¸Šã®æƒ…å ±ã—ã‹ç„¡ã‹ã£ãŸã®ã«ãƒ¼ãƒ¼ãƒ¼ï¼ï¼ï¼ï¼ï¼ï¼ï¼ï¼å¬‰ã—ã™ãã‚‹â€¦ğŸ˜­ğŸ™ğŸ™ğŸ™,2023-03-14 21:51:21.196680
text,recorded_at
"RT @AkshayC46334458: #à¤¸à¤¤à¤­à¤•à¥à¤¤à¤¿_à¤¸à¥‡_à¤¸à¤°à¥à¤µ_à¤¸à¥à¤–
à¤¸à¤¤à¤­à¤•à¥à¤¤à¤¿ à¤•à¤°à¤¨à¥‡ à¤¸à¥‡ à¤®à¤¾à¤¨à¤µ à¤œà¥€à¤µà¤¨ à¤¸à¤«à¤² à¤¹à¥‹ à¤œà¤¾à¤¤à¤¾ à¤¹à¥ˆà¥¤ à¤ªà¤°à¤¿à¤µà¤¾à¤° à¤®à¥‡à¤‚ à¤•à¤¿à¤¸à¥€ à¤ªà¥à¤°à¤•à¤¾à¤° à¤•à¥€ à¤¬à¥à¤°à¤¾à¤ˆ à¤¨à¤¹à¥€à¤‚ à¤°à¤¹à¤¤à¥€ à¥¤ à¤ªà¤°à¤®à¤¾à¤¤à¥à¤®à¤¾ à¤•à¥€â€¦",2023-03-14 21:51:21.203679
text,recorded_at
"RT @MM45074176: é¨äººç¯€å¿«æ¨‚å–²ğŸ˜‡ğŸ˜‡ğŸ˜‡
ä»Šå¤©è¢«é¨äº†å—ğŸ¤ª ğŸ¤ª ğŸ¤ª
#è½‰æ¨ç•™è¨€æ„›å¿ƒè¿½è¹¤ https://t.co/0gPN6jC48l",2023-03-14 21:51:21.208678
text,recorded_at
Ruth Joan Sebastiane McDonald Ruth Joan #ä¸Šæµ· #ä¸Šæµ·èµ„æº #ä¸Šæµ·ä¸è¶³  https://t.co/79Pc3Mxvik,2023-03-14 21:51:21.221678
text,recorded_at
@Marie68154704 @alex107568 @ClarkeMicah Blair was center-right at best.,2023-03-14 21:51:21.231678
text,recorded_at
@sabahturkistani @Jawab_kom ğŸ˜‚ğŸ˜‚ğŸ˜‚ğŸ˜‚ğŸ˜‚,2023-03-14 21:51:21.238676
text,recorded_at
@over_naa_hoo @soomro_tweets ÙØ§Ù„Ùˆ Ø¨ÛŒÚ© Ø¯ÛŒØ§ Ú©Ø±Ùˆ,2023-03-14 21:51:21.254684
text,recorded_at
RT @BiggerKitty: Gotta love waking up in the morning to the feeling of the sunâ€™s warm embrace. And what better way than to start it off witâ€¦,2023-03-14 21:51:21.274681
text,recorded_at
RT @haidarpedroo: stop suka sama orang yang ga suka sama lu,2023-03-14 21:51:21.291677
text,recorded_at
RT @whotfisjovana: https://t.co/Q2HqcartvB,2023-03-14 21:51:21.303679
text,recorded_at
"RT @zafersahin06: CHPâ€™de milletvekili aday adaylarÄ±yla illere gÃ¶re gÃ¶rÃ¼ÅŸecek parti yetkilileri listesiâ€¦
Bilgi amaÃ§lÄ± paylaÅŸalÄ±mâ€¦ https://t.â€¦",2023-03-14 21:51:21.315681
text,recorded_at
"@BARMYSTREAM 6 minutos, mds ğŸ˜ğŸ¨ğŸ’œ
RM IS COMING 
SMOKE SPRITE OUT TODAY 
#SmokeSpritexRM
#SmokeSpriteftRM",2023-03-14 21:51:21.323681
text,recorded_at
"BOM DIA TWITTER HOJE VAMOS MOVIDOS A ADRENALINA, CAFÃ‰ E REDBULL",2023-03-14 21:51:21.332678
text,recorded_at
ã“ã®å¹´ãµã‚‹ã•ã¨ç´ç¨ã—ã¦ã„ãŸãŠã‹ã’ã§ã‚‚ã‚‰ãˆã‚‹ãŠé‡‘10ä¸‡å††ãµãˆãã†ã€‚ç¥,2023-03-14 21:51:21.338680
text,recorded_at
Dive studios ni kenapağŸ˜­ğŸ˜­ lately ni pon suka post vid2 lama jake ngan jungwon time dtg dorg punya show. Hint as upcoming guest ke ğŸ˜‚ https://t.co/ZOUYfIK4T1,2023-03-14 21:51:21.350379
text,recorded_at
"@CDechavanne Vous etes devenu aigri, co.venu, vous niez l insecurite grandissante en France, insultez ceux qui en parlent, niez la radicalisation religieuse. Vous etes un hypocrite et l'hypocrisie ca passe pas.",2023-03-14 21:51:21.355906
text,recorded_at
https://t.co/HbNV3G9Tyz,2023-03-14 21:51:21.368910
text,recorded_at
https://t.co/vQlLOomE3U https://t.co/4hv1IoXdh9,2023-03-14 21:51:21.373907
text,recorded_at
"Watching a movie ""The Strange Journey of Young Spivey"" let me witness the rebellious redemption of a young genius. The outside world is very exciting, keep moving forward, the road is always there, maybe the end of a trip is to go home!#Movie #redemption #cure #travel https://t.co/66s56wxS1Z",2023-03-14 21:51:21.384908
text,recorded_at
"RT @auo_BR: ğŸ‰ #ãƒ–ãƒ¬ãƒ­ãƒ‰æ­£å¼ã‚µãƒ¼ãƒ“ã‚¹è¨˜å¿µ ğŸ‰
ğŸãƒ•ã‚©ãƒ­ãƒ¼&amp;RTã‚­ãƒ£ãƒ³ãƒšãƒ¼ãƒ³ğŸ

çµ¶è³›æ”¾æ˜ ä¸­ã®è©±é¡Œã®ã‚¢ãƒ‹ãƒ¡ãŒ
æœ€é€Ÿã‚²ãƒ¼ãƒ åŒ–ğŸ®

æŠ½é¸ã§3åã«
#Amazonã‚®ãƒ•ãƒˆåˆ¸ 1ä¸‡å††åˆ†ãŒå½“ãŸã‚‹

å¿œå‹Ÿ
â‘ @auo_BR ãƒ•ã‚©ãƒ­ãƒ¼
â‘¡å½“ãƒ„ã‚¤ãƒ¼ãƒˆRT
â‘¢ãã®å ´ã§çµæœãŒåˆ†ã‹ã‚‹â€¼ï¸â€¦",2023-03-14 21:51:21.400511
text,recorded_at
ãã‚ãã‚è¡å‹•çš„ã«ãƒã‚¹ã«ä¸­æŒ‡ç«‹ã¦ãã†,2023-03-14 21:51:21.407540
text,recorded_at
iâ€™m ok with me gaining a little weight cause my bf keep calling me sexy ğŸ‘ (iâ€™m not ok w it but let me manifest),2023-03-14 21:51:21.416910
text,recorded_at
@seiran0320 ä¿ºã‚‰ã¯ãŠã‚‚ã‚ã„ã‚„ã¤w,2023-03-14 21:51:21.420890
text,recorded_at
@Samari9637 Ø´ÙˆÙ Ù‡Ø§Ø§Ù„Ø­Ù„Ø²ÙˆÙ†ÙŠ ğŸ‘‡ğŸ‘‡ğŸ‘‡ https://t.co/w0ilr4LvSg,2023-03-14 21:51:21.424887
text,recorded_at
ğŸ“¸ #backattyoupic https://t.co/QfUQJZ1ENP,2023-03-14 21:51:21.435727
text,recorded_at
ê·¸ë¦¬ê³  ìŠ¬ì© ìˆ˜ì •í•¨ í’€ë‹¤ë³´ë‹ˆ ë§‰í˜€ì„œ...,2023-03-14 21:51:21.449728
text,recorded_at
ì•ë©´ì€ ìœ ê´‘ì— ë³„ëª¨ì–‘ í™€ë¡œê·¸ë¨ë“¤ì–´ê°€ì„œ ë°˜ì§ë°˜ì§í•œë° ë’·ë©´ì€ ë¬´ê´‘(ì¸ì§€ì•„ë‹Œì§€ëª¨ë¥´ê²Ÿì§€ë§Œ)ìœ¼ë¡œ ë”¥í•œ ê²€ì€ìƒ‰ì¸ê²Œ ì˜¤ì§„ë‹¤ ë©‹ì‡ë‹¤ ì˜¤ì˜¤ì˜¤ì˜¤ì˜¤,2023-03-14 21:51:21.454729
text,recorded_at
"RT @sin_lC: à¸à¸˜à¸.à¹„à¸¡à¹ˆà¸¡à¸µà¸‚à¹‰à¸­à¸¡à¸¹à¸¥à¸‚à¸­à¸‡à¸§à¸‡à¸—à¸µà¸›à¹Šà¸­à¸›à¹€à¸¥à¸¢  
-à¹€à¸£à¸µà¸¢à¸à¸Šà¸·à¹ˆà¸­ à¸¨à¸¥à¸›.à¸œà¸´à¸” à¸¡à¸¹à¸™(à¸¡à¸´à¸§à¸­à¹‰à¸­à¸™ atlas) ,à¹‚à¸ˆà¹‰ à¸™à¸°à¸«à¸™à¹‰à¸²à¸—à¸­à¸‡(à¹‚à¸ˆà¸­à¸µà¹‰)
-à¹„à¸¡à¹ˆà¸£à¸¹à¹‰à¸ˆà¸±à¸ à¸¨à¸¥à¸›.à¸—à¸µà¹ˆà¸¡à¸²à¸£à¹ˆà¸§à¸¡à¸‡à¸²à¸™
-à¸­à¹ˆà¸²à¸™â€¦",2023-03-14 21:51:21.463730
text,recorded_at
@FavouredShikon1 so,2023-03-14 21:51:21.468727
text,recorded_at
"RT @SureshL98425570: TatvadarshiSant
#SaintRampalJiÂ Â Â Â Â Â Â Â 
ğŸ’ à¤ªà¥‚à¤°à¥à¤£ à¤ªà¤°à¤®à¤¾à¤¤à¥à¤®à¤¾ à¤•à¤µà¤¿à¤°à¥à¤¦à¥‡à¤µ à¤šà¤¾à¤°à¥‹à¤‚ à¤¯à¥à¤—à¥‹à¤‚ à¤®à¥‡à¤‚ à¤†à¤ à¤¹à¥ˆà¤‚à¥¤ à¤¸à¥ƒà¤·à¥à¤Ÿà¥€ à¤µ à¤µà¥‡à¤¦à¥‹à¤‚ à¤•à¥€ à¤°à¤šà¤¨à¤¾ à¤¸à¥‡ à¤ªà¥‚â€¦",2023-03-14 21:51:21.474729
text,recorded_at
RT @_pledis_boos: https://t.co/1Oop7ZHmqX,2023-03-14 21:51:21.482728
text,recorded_at
"ĞšĞ°Ğº Ğ½Ğ°ÑˆĞ° ÑÑ€Ñ‚Ğ° Ğ¿Ğ¾ĞºĞ¾Ñ€Ğ¸Ğ»Ğ° Ğ¸Ğ½Ğ¾ÑÑ‚Ñ€Ğ°Ğ½Ñ†ĞµĞ²

https://t.co/MdXA1DlZSG",2023-03-14 21:51:21.486726
text,recorded_at
@12_AY_ ã¾ã‚‹ã•ã‚“æœ€é«˜â™¡,2023-03-14 21:51:21.491726
text,recorded_at
@TWICEFRANCE Normal jeong aime trop Ãªtre naturelle ğŸ¤­ğŸ¤­,2023-03-14 21:51:21.500727
text,recorded_at
"RT @salpmak: #Ø¯ÙŠÙˆÙ’Ø«_Ø¨Ø¯ÙÙˆÙŠ

 https://t.co/oI0pK2nsbx",2023-03-14 21:51:21.505728
text,recorded_at
"RT @candelamiotti: IncreÃ­ble como por una pavada ya se me van las ganas de todo, serÃ¡ que no me banco nada o serÃ¡ que ya me banque muchas?",2023-03-14 21:51:21.513728
text,recorded_at
@sssmetanov ×–×” ×‘×××ª ×¡×¤×¦×™×¤×™,2023-03-14 21:51:21.517723
text,recorded_at
"RT @Profdilipmandal: à¤œà¥‹ à¤®à¥à¤¸à¥à¤²à¤¿à¤®/à¤¸à¤¿à¤–/à¤ˆà¤¸à¤¾à¤ˆ à¤†à¤¦à¤¿ à¤®à¤¾à¤‡à¤¨à¥‰à¤°à¤¿à¤Ÿà¥€ à¤¶à¤¿à¤•à¥à¤·à¤¾ à¤¸à¤‚à¤¸à¥à¤¥à¤¾à¤¨ à¤¸à¤°à¤•à¤¾à¤° à¤¸à¥‡ à¤ªà¥ˆà¤¸à¥‡ à¤²à¥‡à¤¤à¥‡ à¤¹à¥ˆà¤‚, à¤µà¥‡ à¤®à¤¾à¤‡à¤¨à¥‰à¤°à¤¿à¤Ÿà¥€ à¤¸à¤‚à¤¸à¥à¤¥à¤¾à¤¨ à¤°à¤¹à¤¤à¥‡ à¤¹à¥à¤ à¤…à¤ªà¤¨à¥‡ à¤§à¤°à¥à¤® à¤•à¥€ à¤µà¤‚â€¦",2023-03-14 21:51:21.522731
text,recorded_at
RT @cathydevine56: 'We withdrew from the tournament because we believe playing against an opponent with a biological male jeopardizes the fâ€¦,2023-03-14 21:51:21.525725
text,recorded_at
"@nvs_surya @Krishank_BRS @KTRBRS @RaoKavitha @KonathamDileep @BRSparty @BTR_KTR @TheNaveena @KP_Aashish @Paul_Oommen @TSwithKCR @KTR_News @Arvindharmapuri Anni scamlu ela chestara meeru, mee vidhi mimalni tarimi kodtada roju niddarlo ?",2023-03-14 21:51:21.533728
text,recorded_at
"#ShadowAndBone

Kanej                         Dazzlewife https://t.co/ZqTvAnaTeU",2023-03-14 21:51:21.538731
text,recorded_at
@njihahhhhh @Ashraf4riff Dia check duit ke? Banyak kali juga masuk sg naik bas.. tak pernah check duit brp.,2023-03-14 21:51:21.541727
text,recorded_at
RT @nuanorthtt: à¸­à¸´à¹€à¸§à¸™à¹€à¸­à¹‰à¸¢5555555555555 à¸«à¸¢à¸¸à¸” https://t.co/TgiTyP4zQ7,2023-03-14 21:51:21.550727
text,recorded_at
"RT @SEzekwesili: States Iâ€™ve been(lived in) to:

Kano, 
Kaduna, 
Katsina, 
Rivers, 
Enugu, 
Anambra, 
Delta, 
Plateau, 
Nassarawa, 
Abuja,â€¦",2023-03-14 21:51:21.558729
text,recorded_at
"æƒ…å ±ã‚’çŸ¥ã‚‹ã‹çŸ¥ã‚‰ãªã„ã‹ã§
ã‚ãªãŸã®å—é¨“ã®çµæœã¯
å¤§ããå¤‰ã‚ã£ã¦ãã¾ã™ã€‚

ã‚ãªãŸãŒæœ¬æ°—ã§å¿—æœ›æ ¡ã«
å—ã‹ã‚ŠãŸã‘ã‚Œã°

å—é¨“ã«å¯¾ã™ã‚‹çŸ¥è­˜ã‚’
å¾—ã‚‹ãŸã‚ã«ã‚¢ãƒ³ãƒ†ãƒŠã‚’
ã—ã£ã‹ã‚Šå¼µã‚‹ã“ã¨ã‚’ãŠã™ã™ã‚ã—ã¾ã™ã‚ˆo(^o^)o",2023-03-14 21:51:21.569726
text,recorded_at
"RT @DocsLluita: Qualsevol es podria pensar que la UAB, lluny de tenir un rol actiu en la prevenciÃ³ i reparaciÃ³ de casos d'assetjament, elsâ€¦",2023-03-14 21:51:21.575728
text,recorded_at
"2023-03-14 16:54:30
Financial item physical minute put audience.
å—æ˜Œä¸Šé—¨ï¼Œå®¶é‡Œå…¬å¯“å®¾é¦†éƒ½è¡Œã€‚è§é¢å†ä»˜ã€‚ä¸éœ€è¦ä»»ä½•å®šé‡‘ã€‚ç‚¹æˆ‘ä¸»é¡µæœ‰æˆ‘q",2023-03-14 21:51:21.584728
text,recorded_at
"RT @watarai_hibari: å¤§å¤‰å…‰æ „ãªã“ã¨ã«MIXã§æºã‚ã‚‰ã›ã¦é ‚ã„ã¦ãŠã‚Šã¾ã™ğŸ™
å…ƒ2æœŸç”Ÿã®å…ˆè¼©æ–¹ãŒå¥ã§ã‚‹ãƒãƒ¼ãƒ¢ãƒ‹ãƒ¼ã‚’ãŠæ¥½ã—ã¿ã«ï¼ï¼",2023-03-14 21:51:21.588729
text,recorded_at
RT @exexeve_404: æ‹¡æ•£ã—ãŸããªã„ã®ã§RTã¯ã—ãªã„ã‘ã©ã€å®Ÿã®å¦¹ã«å¯¾ã™ã‚‹å®Œå…¨ãªæ€§æš´åŠ›ã‚’ãƒãƒƒãƒ—ã§å¯æ„›ã„æ„Ÿã˜ã«ã‚³ãƒ¼ãƒ†ã‚£ãƒ³ã‚°ã—ãŸæ¼«ç”»ã«4ä¸‡äººã‚‚ã®äººé–“ãŒã„ã„ã­ã¤ã‘ã¦ã‚‹ã®ã‚’è¦‹ã¦ã€ï½¢å¦¹ï½£ã¨ã„ã†å­˜åœ¨ã‚’ï½¢çµ¶å¯¾ã«è‡ªåˆ†ã‚’è£åˆ‡ã‚‰ãªã„æ”¯é…ã§ãã‚‹ä¸€ç•ªèº«è¿‘ãªå¹´ä¸‹ã®å¥³ï½£ãã‚‰ã„ã«æ€ã£ã¦ã‚‹äººã£ã¦çµæ§‹â€¦,2023-03-14 21:51:21.597728
text,recorded_at
@he05mu ãƒ˜ãƒ ã¯ã‚“åˆ†ã‹ã‚Šæ‰‹ã˜ã‚ƒã‚“,2023-03-14 21:51:21.602730
text,recorded_at
åœŸæ›œæ—¥ã¯æ²–å°šã‚’å¿œæ´ã—ã‚ˆã†â˜†ãƒŸ,2023-03-14 21:51:21.606735
text,recorded_at
RT @nct_menfess: Nct! Baru tau ada video iniii katanya fans indo kyeopta hahaha   https://t.co/lHqPf5Sl8W,2023-03-14 21:51:21.616728
text,recorded_at
@Fatmah_alsheikh Ø§Ù† Ø´Ø§Ø¡ Ø§Ù„Ù„Ù‡,2023-03-14 21:51:21.619727
text,recorded_at
"RT @medias_citoyens: Il faut absolument lire l'enquÃªte d'ArrÃªt sur images sur la ""pernaut-Ã¯sation"" du JT de France 2. Leurs analyses ainsiâ€¦",2023-03-14 21:51:21.623728
text,recorded_at
ã»ã‚“ã˜ã¤ https://t.co/1x85LWSrRw,2023-03-14 21:51:21.634939
text,recorded_at
RT @nanaeto__shawn: Sed eleifend lacus vel hendrerit auctor vpn. #æ¢¯å­æ¨è #ä»˜è´¹VPN https://t.co/xkpI2Sg8zn,2023-03-14 21:51:21.639782
text,recorded_at
RT @lori_2525: å…¬å¼ãŒãƒ—ãƒªã‚­ãƒ¥ã‚¢ã®2æœŸã‚’ç™ºè¡¨ã—ãŸã“ã¨ã«ã‚ˆã£ã¦ã€å…¨ã¦ã®ãƒ—ãƒªã‚­ãƒ¥ã‚¢ã‚·ãƒªãƒ¼ã‚ºã«2æœŸã®å¸Œæœ›ãŒå‡ºã¦ããŸ,2023-03-14 21:51:21.648254
text,recorded_at
"RT @WonyoungGlobal: ğŸ¥ [VIDEO] 230314 Jang Wonyoung Instagram story update

ğŸ’Œ Happy white dayğŸ¤ğŸ¤

ğŸ”— https://t.co/8UXk6YKDX4

#IVE #ì•„ì´ë¸Œ #JANGWâ€¦",2023-03-14 21:51:21.653271
text,recorded_at
@EstoyAvisando Este va para el premio al tonto mÃ¡s listo del aÃ±o!  Whathehell,2023-03-14 21:51:21.657272
text,recorded_at
RT @Sk_shutaro525: #ã‚¹ãƒ—ãƒ©ãƒˆã‚¥ãƒ¼ãƒ³3 #Splatoon3 #NintendoSwitch https://t.co/OomzlPwvPP,2023-03-14 21:51:21.666272
text,recorded_at
"RT @AFTVMedia: Robbie and Cecil bump into Edu at the London Football Awards ğŸ•º 

#AFC #Arsenal https://t.co/xr3ReAYG5X",2023-03-14 21:51:21.671271
text,recorded_at
éµå¢ã«ã—ã¦ã‹ã‚‰ã§ã‚‚ã„ã„ã§ã™ã‹ç¬‘ https://t.co/Kut9BdI2JH,2023-03-14 21:51:21.675270
text,recorded_at
RT @yournananut: à¹„à¸­à¹€à¸«à¸µà¹‰à¸¢ à¸—à¸£à¸‡à¸•à¸­à¸™à¸–à¸­à¸”à¹€à¸ªà¸·à¹‰à¸­à¸¢à¸´à¹‰à¸¡à¹†à¸à¹‡à¸§à¹ˆà¸²à¹€à¸§à¹ˆà¸­à¹à¸¥à¹‰à¸§ à¸•à¸­à¸™à¸–à¸­à¸”à¹à¸§à¹ˆà¸™à¸‚à¸¡à¸§à¸”à¸„à¸´à¹‰à¸§à¹€à¸¥à¹‡à¸à¹†à¹à¸¥à¹‰à¸§à¸¡à¸­à¸‡à¸„à¸™à¸‚à¹‰à¸²à¸‡à¸¥à¹ˆà¸²à¸‡à¸•à¹ˆà¸­à¸¢à¸±à¸à¸„à¸´à¹‰à¸§à¹ƒà¸«à¹‰à¹à¸¥à¹‰à¸§à¸ˆà¸šà¸”à¹‰à¸§à¸¢à¹€à¸ªà¸¢à¸œà¸¡à¸¥à¸§à¸à¹† à¹à¸•à¸à¹à¸•à¸™à¸â€¦,2023-03-14 21:51:21.683273
text,recorded_at
The door opened very slowly.  00 #tsé™ªç© #èè‰ #è‹±é›„è”ç›Ÿ #å“„ç¡ #çº¢ç»¿ç¯ #å‰§æƒ… #å°„å± #å¥³m #è£¸èŠ #ç£•ç‚® #é™ªç© #å¯¸æ­¢ #ä¸è¢œ #æ–‡çˆ± #é«˜è·Ÿ #å¥³S #åå·® #è¿éº¦ #è¶³äº¤ #å¾¡å§ #ç»¿å¸½ #å«åºŠ https://t.co/vB3bilkhzU,2023-03-14 21:51:21.687272
text,recorded_at
Dennis Elinor Colbert Burke James Rebecca #å¹¿å·æŒ‰æ‘© #å¹¿å· https://t.co/01KDhS551W,2023-03-14 21:51:21.691268
text,recorded_at
ã¾ã¨ã„ã¡ã‚ƒã‚“ ãƒ›ãƒ¯ã‚¤ãƒˆãƒ‡ãƒ¼ãƒœã‚¤ã‚¹ã¨ã®ã‚®ãƒ£ãƒƒãƒ—â€¼ï¸,2023-03-14 21:51:21.700270
text,recorded_at
"à¸«à¸²à¸£ monomax vip

30day â€”  35à¸šà¸²à¸— à¸«à¸²à¸£ 
30day â€”  60à¸šà¸²à¸— à¸ªà¹ˆà¸§à¸™à¸•à¸±à¸§

âŠ¹à¸«à¸™à¸±à¸‡à¸‹à¸µà¸£à¸µà¹ˆà¸¢à¹Œà¸ˆà¸²à¸à¸—à¸±à¹ˆà¸§à¹‚à¸¥à¸à¸¡à¸²à¹„à¸§à¹‰à¹ƒà¸™à¹à¸­à¸›à¹€à¸”à¸µà¸¢à¸§
âŠ¹à¸„à¸§à¸²à¸¡à¸„à¸¡à¸Šà¸±à¸”à¸ªà¸¹à¸‡à¸ªà¸¸à¸”Full HD
âŠ¹à¹‚à¸«à¸¥à¸”à¹„à¸§à¹‰à¸”à¸¹à¸­à¸­à¸Ÿà¹„à¸¥à¸™à¹Œà¹„à¸”à¹‰

ğŸ›’ à¸ªà¸­à¸šà¸–à¸²à¸¡&gt;&gt;https://t.co/hORAQVMhrM

#à¸«à¸²à¸£monomax #à¸«à¸²à¸£à¹‚à¸¡à¹‚à¸™ #à¸«à¸²à¸£à¹‚à¸¡à¹‚à¸™à¹à¸¡à¹‡à¸à¸‹à¹Œ #à¸«à¸²à¸£monomax #à¸«à¸²à¸£monomaxà¸£à¸²à¸„à¸²à¸–à¸¹à¸ #monomaxà¸«à¸²à¸£ #monomax",2023-03-14 21:51:21.706270
text,recorded_at
"I moved from â€œfollowingâ€ to â€œfor youâ€ 

It was a revelation let me tell you ! https://t.co/dHL5b9dOEk",2023-03-14 21:51:21.720275
text,recorded_at
ãƒ¡ãƒãƒ«ãƒ—ãƒ©ã‚°ã¨ã‚·ãƒ¼ãƒã‚¹ãƒ«ã‚¢ãƒ¼è¦‹ã‚„ã™ããªã‚Šã¾ã—ãŸã‚ˆï¼ https://t.co/mJ1fXzFMJk,2023-03-14 21:51:21.724270
text,recorded_at
"RT @otsukiiinoTRPG: ç‰‡é±—ã€€è‡ªé™£ã‚¤ãƒ¡ãƒ¼ã‚¸ã‚¢ã‚¯ã‚»ï¼
çªç„¶é€ã‚Šä»˜ã‘ãŸã‚„ã¤ï½ğŸ¥°
ãƒªãƒ³ã‚¯å…ˆã¯ã¡ã‚‡ã£ã¨+Î±ã§è§£èª¬çŸ­æ­Œ(?)ãŒã‚ã‚‹ã®ã§ ç¾è¡Œæœªé€šéÃ—
https://t.co/ckHmelChWr https://t.co/6SLwptslnz",2023-03-14 21:51:21.737270
text,recorded_at
"RT @IAmSteveHarvey: I didn't want my grandkids to call me papa, I wanted them to call me BIG PIMPN' ğŸ˜ğŸ˜‚ğŸ¤£ https://t.co/12qFv7o86c",2023-03-14 21:51:21.741269
text,recorded_at
@RiyahFinesse https://t.co/BIbhyuMZgl,2023-03-14 21:51:21.798270
text,recorded_at
"RT @EriVermilion: ""Why are you staring at me? Is there something on my face?""

#AIBossWaifu challenge by @ZenonDeAi
 
#aiartcommunity  #AIAâ€¦",2023-03-14 21:51:21.835270
text,recorded_at
"My mum, my dad, my grandma, my brother and my crazy ex bestie and thatâ€™s a wrap ğŸ™ğŸ¼ If I mention you to my therapist just know you crossed all my lines and are soon to be dropped. I donâ€™t talk about people when we are good, I am the one who is mentally ill not them ğŸ«¶ğŸ»",2023-03-14 21:51:21.856271
text,recorded_at
Lupe Maus Lupe Maus,2023-03-14 21:51:21.890272
text,recorded_at
"29319A42 :Battle ID
I need backup!
Lvl 275 Diaspora
https://t.co/kGRRgq9qWt",2023-03-14 21:51:21.925403
text,recorded_at
"è‡ªåˆ†ã®å’æ¥­å¼ã‚ˆã‚Šæ„Ÿå‹•ã—ã¾ã—ãŸ
#ã‚¬ãƒ«ãƒ‘é«˜æ ¡å’æ¥­å¼",2023-03-14 21:51:21.940444
text,recorded_at
@sbsmtvtheshow @ATEEZofficial @CRAVITYstarship @official_kep1er my fav trio mc is back ğŸ˜­ğŸ˜­â¤ï¸â¤ï¸â¤ï¸,2023-03-14 21:51:21.949644
text,recorded_at
@harunotukiyo ãƒ©ã‚¦ã¡ã‚ƒã‚“è² ã‘ãŸï¼ğŸ˜‚,2023-03-14 21:51:21.953641
text,recorded_at
@EdmundBoissier Thank you ğŸ˜Š,2023-03-14 21:51:21.998640
text,recorded_at
"RT @lijanging: à¸¡à¸²à¸™à¸µà¹ˆà¹€à¸£à¹‡à¸§~ à¸¡à¸²à¸Ÿà¸±à¸‡à¹€à¸à¸¥à¸‡â€à¹€à¸‚à¸´à¸™à¹ƒà¸«à¹‰à¸«à¸™à¹ˆà¸­à¸¢â€à¸à¸±à¸™ à¸¡à¸²à¸”à¸¹à¸„à¸™à¸„à¸¥à¸±à¹ˆà¸‡à¸£à¸±à¸à¸à¸±à¸™à¸„à¹‰à¸²à¸š à¸™à¹‰à¸­à¸‡à¹‚à¸Ÿà¹‰à¸”à¸£à¸­à¸Ÿà¸±à¸‡à¹à¸¢à¹‰à¸§à¸™à¸°ğŸ¥¹ğŸ¥¹

 #à¹€à¸‚à¸´à¸™à¹ƒà¸«à¹‰à¸«à¸™à¹ˆà¸­à¸¢MV

 https://t.co/Xyv9UlLoTc",2023-03-14 21:51:22.005649
text,recorded_at
"RT @_champion9: ğŸŒ¸ à¸£à¸²à¸¢à¸¥à¸°à¹€à¸­à¸µà¸¢à¸” mini concert ""à¸­à¸²à¸ªà¸²à¸¡à¸²à¸«à¸²à¹€à¸˜à¸­à¸™à¸°à¸à¸£à¸¸à¸‡à¹€à¸—à¸""

ğŸ· à¸à¸”à¸šà¸±à¸•à¸£à¸à¸£à¹‰à¸­à¸¡à¸à¸±à¸™à¸§à¸±à¸™à¹€à¸ªà¸²à¸£à¹Œà¸—à¸µà¹ˆ 18 à¸¡à¸µà¸™à¸²à¸„à¸¡ 2566 à¹€à¸§à¸¥à¸² 13.00 à¸™. à¹€à¸›à¹‡à¸™à¸•à¹‰à¸™à¹„à¸› à¸£à¸²à¸„à¸²à¹€â€¦",2023-03-14 21:51:22.014645
text,recorded_at
è€³ã‚’ã‹ãªã‚Šå¼·ã‚ã«å¼•ã£å¼µã‚‹ã¨è€³ã®å¥¥ã§ãƒ¡ã‚­ãƒ¡ã‚­ã£ã¦éŸ³ãŒã™ã‚‹ã‚“ã ã‘ã©ã¿ã‚“ãªã‚‚ã™ã‚‹ã®ã‹ãªï¼Ÿ,2023-03-14 21:51:22.020641
text,recorded_at
https://t.co/2s0ES9jfMV,2023-03-14 21:51:22.025643
text,recorded_at
ãŠè…¹ã™ã„ãŸã‚ˆã­,2023-03-14 21:51:22.034646
text,recorded_at
ONE  https://t.co/icYmxrL5y1,2023-03-14 21:51:22.039642
text,recorded_at
"@hamaengineering è‡ªåˆ†ã‚‚ãã†ã„ã†ã‚¹ã‚¿ãƒ³ã‚¹ã§ã™ãŒã€ãã†ã„ã†ã®ã¯ç¨€ã§ã€å¤šãã®é…é€æ¥­ã®æ–¹ãŸã¡ã¯ã€è·ä¸»ã‹ã‚‰å®‰ã„æ–™é‡‘ã‚’æŠ¼ã—ä»˜ã‘ã‚‰ã‚Œæ³£ãå¯å…¥ã‚Šã—ã¦ããŸã¨æ€ã„ã¾ã™ã€‚
ä»Šå¾Œã€ãã®ã‚ˆã†ãªç«‹å ´ãŒé€†è»¢ã—ã€ã»ã¨ã‚“ã©ã®ãƒ‰ãƒ©ã‚¤ãƒãƒ¼ãŒç³è·ä¸»ã«å€è¿”ã—å‡ºæ¥ã‚Œã°è‰¯ã„ãªã¨æ€ã£ãŸæ¬¡ç¬¬ã§ã™ã€‚
2024å¹´å•é¡Œã‚’çŸ¥ã‚‰ãªã„äººãŒã„ã‚‹ã®ã‚‚äº‹å®Ÿã§ã™ã€‚â†æ®‹å¿µ",2023-03-14 21:51:22.047644
text,recorded_at
@bdoenwlsj ë””ì— ì¢€ìš”,2023-03-14 21:51:22.053641
text,recorded_at
"äºŒæ¬¡å¤§æˆ˜æœŸé—´ï¼Œå¥¹ä½åœ¨å¤–ç¥–çˆ¶æ¯ä½äºå®¾å·çš„è€å®¶ï¼Œåä¸€å²åˆ°ä¸Šé«˜ä¸­ä¹‹å‰ï¼Œåˆ™åœ¨æ—¥æœ¬åº¦è¿‡ 
#è°·æ­Œè´¦å· #è°·æ­Œé‚®ç®±è´¦å· https://t.co/vVmCeIGjPj",2023-03-14 21:51:22.064642
text,recorded_at
"RT @420Burickies: #ãƒ—ãƒ¬ã‚¼ãƒ³ãƒˆä¼ç”» çµ‚äº†ã¨åŒæ™‚ã«é–‹å‚¬â€¼ï¸âœ¨

è¦åˆ¶å‰ã®ã€Œâ–³9THCO 1mlã€ã‚’
""3åæ§˜ã«1æœ¬ãšã¤""
ãƒ—ãƒ¬ã‚¼ãƒ³ãƒˆè‡´ã—ã¾ã™ğŸš€ğŸ’¥

å‚åŠ æ¡ä»¶
ãƒ»ãƒ•ã‚©ãƒ­ãƒ¼&amp;RTâœ…
ãƒ»ç€å¼¾å ±å‘Šã€ãƒ¬ãƒ“ãƒ¥ãƒ¼âœ…

ç· åˆ‡ã¯3/14ã®24æ™‚ã¾ã§ã§ã™!!

è²©å£²ã‚‚1æœ¬2000å††â€¦",2023-03-14 21:51:22.071642
text,recorded_at
"RT @yamada_doujin: ä¼šç¤¾ã®é¢æ¥ã‚’å—ã‘ã‚‹ã‚°ã‚¨ãƒ«ã¨ã‚¨ãƒ©ãƒ³

#æ°´æ˜Ÿã®é­”å¥³ https://t.co/yb7aubK151",2023-03-14 21:51:22.082643
text,recorded_at
RT @miaV_me: Happy girl ğŸ˜ https://t.co/2Ksi8AqH1F,2023-03-14 21:51:22.087642
text,recorded_at
RT @tsuisoku777: 3æ­³å¥³å…ãŒæ‹³éŠƒèª¤å°„ã€4æ­³å§‰æ­»äº¡ã€€æ„å›³çš„ãªç™ºç ²ã§ã¯ãªã‹ã£ãŸã¨ã¿ã‚‰ã‚Œã‚‹ã€€ç±³ãƒ†ã‚­ã‚µã‚¹å·ãƒ’ãƒ¥ãƒ¼ã‚¹ãƒˆãƒ³ https://t.co/zcDrPRNYEl,2023-03-14 21:51:22.091640
text,recorded_at
RT @coldwarsteve: @RishiSunak https://t.co/cZsDoc6ozQ,2023-03-14 21:51:22.100641
text,recorded_at
"RT @BSCNews: ğŸš¨ The #TurkishAirlines #EuroLeague and 7 Days #EuroCup are coming to @UltiChampsBball!

#UltimateChampionsâ€™ fantasy basketballâ€¦",2023-03-14 21:51:22.105650
text,recorded_at
RT @sugatradamus: Join the MV premiere for â€œSmoke Sprite (ft. RM)â€ by So!yoON. It will be released in 2 hours! https://t.co/red041Fsd8 httpâ€¦,2023-03-14 21:51:22.114643
text,recorded_at
"RT @KGA077: i think $PI network will launch the #mainnet by 28/6, and they will publish announce by 14/3 the date of the mainnet and the soâ€¦",2023-03-14 21:51:22.119641
text,recorded_at
Nhii esa nhi hğŸ˜­ğŸ˜­ https://t.co/18CIs4Q6px,2023-03-14 21:51:22.122643
text,recorded_at
"RT @CryptoJobs3: Good day my future MillionairesğŸš€

We have exciting newsğŸ’¸
We are re-opening ourğŸ’¸

1k to 10k$ Spot Challenge!ğŸ’¸

Only the besâ€¦",2023-03-14 21:51:22.131643
text,recorded_at
"RT @maeamvm2: Ø³Ø­Ø¨ Ø¹Ù„Ù‰ ğŸ“²Ø§Ùˆ Ù‚ÙŠÙ…ØªØ© 400 Ø±ÙŠØ§Ù„ 

â€¢ØªØ§Ø¨Ø¹ @adelalmatrfy

â€¢Ø§Ù„Ø³Ø­Ø¨ Ø¥Ù„ÙƒØªØ±ÙˆÙ†ÙŠ Ù…Ù† Ø§Ù„Ø±ØªÙˆÙŠØª ÙˆØ§Ù„Ù…ØªØ§Ø¨Ø¹Ø© ğŸ¥ https://t.co/ayaYmQsMPU",2023-03-14 21:51:22.136641
text,recorded_at
"RT @PopBase: J-Hope earns his fourth entry on the Billboard Hot 100, the second most by any Korean soloist. 

â€˜on the streetâ€™ with J. Coleâ€¦",2023-03-14 21:51:22.140644
text,recorded_at
WAKWKWKAWKKA https://t.co/4uwO87av8G,2023-03-14 21:51:22.150941
text,recorded_at
Farmer Nappy &amp; Machel Montano - 1 Fam,2023-03-14 21:51:22.156327
text,recorded_at
"ã†ã²ã‚ƒã‚ã‚ã‚ã„
è¦–è´å›æ•°18000ï¼ç·å†ç”Ÿæ™‚é–“3000æ™‚é–“ï¼ï¼é¤ƒå­ä¸€æ—¥100ä¸‡å€‹ï¼ï¼ï¼ https://t.co/o9nszVHNNU",2023-03-14 21:51:22.168646
text,recorded_at
RT @upnextdesigner: Can we discuss Liu Wen wearing Gucci!!! https://t.co/DciduquPis,2023-03-14 21:51:22.172651
text,recorded_at
VAMOS https://t.co/m1YJoFv5nE,2023-03-14 21:51:22.183649
text,recorded_at
"RT @hzr_yalnkaya1: @bbpgenelmerkez @Mustafa_Destici @AnkaraMasasi SayÄ±n devlet bÃ¼yÃ¼klerimiz bizi UNUTMAYIN 
Staj ve Ã§Ä±raklÄ±k sgk baÅŸlangÄ±cÄ±â€¦",2023-03-14 21:51:22.188646
text,recorded_at
"22 years of age today, time to win some money ğŸ«¡",2023-03-14 21:51:22.199647
text,recorded_at
@tiktok9880 @FitBryceAdams ÙˆØ§ÙˆÙˆÙˆ,2023-03-14 21:51:22.204644
text,recorded_at
RT @1224luckyyy: à¸•à¸¥à¸à¸¢à¸±à¸¢à¸«à¸™à¸´à¸‡à¸­à¸°à¸ˆà¸°à¸£à¸µà¸§à¸´à¸§à¹à¸­à¸£à¹Œà¸à¸­à¸£à¹Œà¸•à¹à¸•à¹ˆà¹€à¸›à¸´à¸”à¸¡à¸²à¸›à¸¸à¹Šà¸šà¸«à¸²à¸¢ à¸Šà¸µà¸‡à¸‡à¸—à¸¸à¸à¸„à¸™à¸‡à¸‡55565556655 https://t.co/pV5pAoRugy,2023-03-14 21:51:22.208645
text,recorded_at
RT @SamLowry60: Iâ€™m sure @RachelReevesMP will be tweeting this shortly.. wonâ€™t she â€œRecession kicked into long grass as UK steams ahead ofâ€¦,2023-03-14 21:51:22.218645
text,recorded_at
@_kanokaw ã‚Œã‚Œå¥½ãâ€¼ï¸,2023-03-14 21:51:22.224644
text,recorded_at
RT @cca0oZUajxPAquy: https://t.co/dBqZqNILBL,2023-03-14 21:51:22.233645
text,recorded_at
RT @Kpop_Herald: A collaboration single between @official_sunmi_ and @BPM_BEO will be dropped on March 22! Not only the chart-eaters took pâ€¦,2023-03-14 21:51:22.239646
text,recorded_at
@mbaklasemi Daftar dong,2023-03-14 21:51:22.249645
text,recorded_at
RT @AmeshiaCross: Savannah has always been a stunning woman. ..some of y'all are late to the party. Bron always knew  ğŸ‘ğŸ¾ğŸ‘ğŸ¾ğŸ‘ğŸ¾,2023-03-14 21:51:22.256646
text,recorded_at
ì•„ë¹ í•œí…Œ ì‚¬íƒ• ë°›ì•—ì„œ https://t.co/8juPrBQ3oX,2023-03-14 21:51:22.267645
text,recorded_at
ç´”è‘‰ã¡ã‚ƒã‚“ãƒ–ãƒ­ã‚°å¾…æ©Ÿ,2023-03-14 21:51:22.273644
text,recorded_at
å¾è¼©ã€ã‚«ãƒ¼ãƒŠãƒ“å…¥åŠ›ã—ã¦ç›®çš„åœ°ã¾ã§èµ°ã£ãŸã“ã¨ã‚ã‚‰ã¸ã‚“ã¨è¨€ã†,2023-03-14 21:51:22.282648
text,recorded_at
ã‚¢ã‚«ã‚·ã‚¢ãƒ¼ï¼,2023-03-14 21:51:22.288648
text,recorded_at
"RT @money52388843: @AltGemsAlert Snag some #NWOSTATE 

Â·Social media that pays you 
Â·Merchant app
Â·NFT game 
Â·Synthetic assets 
Â·L1 Block câ€¦",2023-03-14 21:51:22.299647
text,recorded_at
whoâ€™s your favorite Spice Girl? ğŸ–¤ğŸ’–     #æ·±åœ³ #æ·±åœ³ä¸è¶³ https://t.co/tahNDtUBjZ,2023-03-14 21:51:22.303645
text,recorded_at
RT @_luckybobo_: ì´ê²Œ ê·¸ëƒ¥ í•˜ëŠ” ë§ì´ ì•„ë‹ˆë¼ ì •ë§ ì¤‘êµ­ í”„ë“€ì—ì„œ í†µí¸ì§‘ ë‹¹í•˜ê³  1ì°¨ íƒˆë½í•œ ì•„ì´ì´ê¸°ì—â€¦ ë„ˆë¬´ë„ˆë¬´ ë§ˆìŒì´ ì•„í””ğŸ¥²,2023-03-14 21:51:22.309647
text,recorded_at
"RT @KKarolixZam: ZauwaÅ¼yÅ‚em modÄ™ â€na loczkiâ€wÅ›rÃ³d mÅ‚odocianych,tchÃ³rzliwych lamusÃ³w, ktÃ³rzy â€nadmiar energiiâ€ zuÅ¼ywajÄ… na starych babciachâ€¦",2023-03-14 21:51:22.320645
text,recorded_at
"RT @churkouxx: â€¼ï¸ 11.11 40% Off â€¼ï¸

https://t.co/UyXvmWPveN https://t.co/sstmAcDjKt",2023-03-14 21:51:22.325647
text,recorded_at
RT @11elevenph: https://t.co/Gw4gViKvyT,2023-03-14 21:51:22.333646
text,recorded_at
@ll__ll__v è‡ªè²©æ©Ÿã«æ¥ãŸã‚‰ã€ã†ã«ã‚‡ãæ°ã‚¨ãƒ³ã‚«ã‚¦ãƒ³ãƒˆã‚ã‚Šãˆã‚‹ã­,2023-03-14 21:51:22.337646
text,recorded_at
@promagXgm @Rohit69353891 CongratsğŸ‘ğŸ¼,2023-03-14 21:51:22.341646
text,recorded_at
"RT @toonwoonzz: à¸à¸£à¹‰à¸­à¸¡à¹à¸™à¹‰à¸§
#GlicoAlmondKokaTH",2023-03-14 21:51:22.350644
text,recorded_at
888Mildred Isaac Jeremy Lyly #ä¸‰å…¬ https://t.co/1Y9u8wllcn,2023-03-14 21:51:22.354645
text,recorded_at
ìœ ì‚°ì†Œ 30ë¶„ ë„˜ê²Œ í—‰í—‰ê±°ë¦¬ë©° í•˜ê³  ì§‘ì—ì™€ì„œ íƒ•ìˆ˜ìœ¡ì— ìŸë°˜ì§œì¥ ë¨¹ì€ ë‚˜,2023-03-14 21:51:22.358644
text,recorded_at
@CKey_XD (Â´â–½`) '` '` '`,2023-03-14 21:51:22.367646
text,recorded_at
RT @SHiRTSt19467215: https://t.co/OXuD3BAY7b,2023-03-14 21:51:22.371647
text,recorded_at
RT @daldaltwo: ë‚˜ì§„ì‹¬ ì„±í•œë¹ˆ ë¦¬ì•¡ì…˜ ê³ ì¥ë‚œê±°ì²¨ë´„,2023-03-14 21:51:22.375644
text,recorded_at
"RT @UltraKingDragon: ğŸ¤‘ğŸ‘€$5,000 giveaway (if this hits)
ğŸ¤—2 people x $2,500
ğŸ‘¨â€ğŸ’»Rt
ğŸ˜Follow @UltraKingDragon 
â¤ï¸â€ğŸ”¥Heart 
ğŸ«£ğŸ«£ğŸ«£ğŸ«£ğŸ«£
I canâ€™t look ğŸ˜° htâ€¦",2023-03-14 21:51:22.384645
text,recorded_at
RT @P42757900: ãƒ•ã‚¡ãƒ³ãƒŸå¤–ã‚ŒãŸäººâ€¼ï¸â€¼ï¸å¤§ä¸ˆå¤«ã â€¼ï¸â€¼ï¸å®šä¾¡ã§è­²ã£ã¦ã‚‹äººã‚‚ã„ã‚‹ã—ã€å¤šåˆ†2æ¬¡ã‚‚ã‚ã‚‹ã‹ã‚‚ã—ã‚Œãªã„â€¼ï¸â€¼ï¸ã€ã‚ã‹ã‚‰ã‚“ã€‘ä¿ºã¯ä¼šãˆã‚‹ãªã‚‰ä¼šã„ãŸã„ã—ã€è©±ã—ãŸã„â€¼ï¸â€¼ï¸â€¼ï¸ãƒ©ã‚¤ãƒ–ã‚‚è¦‹ã«æ¥ã¦ã»ã—ã„ã—ã€ã„ã¤ãƒ©ã‚¤ãƒ–ãŒå‡ºæ¥ãªããªã£ã¦ã€ã“ã‚“ãªæ„Ÿã˜ã§è©±ã›ãªããªã‚‹ã®ã‹ã‚‚åˆ†ã‹ã‚‰â€¦,2023-03-14 21:51:22.389645
text,recorded_at
ã‚¢ã‚¤ãƒ‰ãƒªãƒƒã‚·ãƒ¥ã‚»ãƒ–ãƒ³ã‚¢ãƒ‹ãƒ¡ã€8è©±ã¾ã§è¦‹ãŸãƒ¼ã€‚ã‚»ãƒ³ã‚¿ãƒ¼ã®å­ã¯æŒç—…ã‚ã‚‹ã‚“ã‹ãâ€¦ãŠå…„ã¡ã‚ƒã‚“ã‚‚ä½“å¼±ã„ï¼Ÿ,2023-03-14 21:51:22.392647
text,recorded_at
@veebaby45 Where you at?,2023-03-14 21:51:22.401646
text,recorded_at
"RT @Mohamad_Nosoohi: ØªØµØ§ÙˆÛŒØ± Ø­Ø§ÙˆÛŒ Ù…Ù‚Ø§Ø¯ÛŒØ± Ø²ÛŒØ§Ø¯ÛŒ Ù…Ø­ØªÙˆØ§ÛŒ Ø¨Ø±Ø§Ù†Ø¯Ø§Ø² Ø³ÙˆØ²
Ù†Ø®Ø³ØªÛŒÙ† Ø§Ø¬Ø±Ø§ÛŒ Ø±Ø³Ù…ÛŒ Ø³Ù„Ø§Ù… ÙØ±Ù…Ø§Ù†Ø¯Ù‡ Û² Ø¯Ø± Ø§ØµÙÙ‡Ø§Ù† ğŸ‡®ğŸ‡·âœŒï¸
Ø§Ø³ÙÙ†Ø¯ Û±Û´Û°Û± Ú¯Ù„Ø³ØªØ§Ù† Ø´Ù‡Ø¯Ø§ httâ€¦",2023-03-14 21:51:22.405643
text,recorded_at
ì´ ê³¼ì... ë”± í•œ ê°œ ë¨¹ê³  ìœ„ê°€ ë’¤ì§‘ì–´ì§€ëŠ” ì¶©ê²©ì„ ë°›ì•˜ëŠ”ë° ê·¸ëƒ¥ ë‚´ê°€ ìœ„ê°€ ì•ˆì¢‹êµ¬ë‚˜ í•˜ë©´ì„œë„ ë¬´ì„œì›Œì„œ ë‚˜ë¨¸ì§€ëŠ” ëƒ‰ë™ì‹¤ì— ê½ê½ ì³ë°•í˜€ ìˆì—ˆëŠ”ë° ë¬¸ì œ ìˆëŠ” ê³¼ì‘ ë§Œìš” https://t.co/fWEBOfoBEi,2023-03-14 21:51:22.415645
text,recorded_at
@swanphoria ğŸ˜­ğŸ˜­ğŸ˜­ğŸ˜­ https://t.co/enL21yNghv,2023-03-14 21:51:22.419645
text,recorded_at
"RT @2Jkhunchalach: à¸Šà¹ˆà¸§à¸‡à¸™à¸µà¹‰à¸­à¸²à¸à¸²à¸¨à¸¡à¸±à¸™à¸£à¹‰à¸­à¸™ à¸­à¸”à¸—à¸™à¸™à¸´à¸”à¸™à¸¶à¸‡à¸™à¸° ğŸ¥µ
à¸ªà¸´à¹‰à¸™à¹€à¸”à¸·à¸­à¸™à¸šà¸´à¸¥à¸„à¹ˆà¸²à¹„à¸Ÿà¸¡à¸² à¹€à¸”à¸µà¹‹à¸¢à¸§à¸à¹‡à¸«à¸™à¸²à¸§à¹à¸¥à¹‰à¸§ ğŸ¥¶

#2JLionPink https://t.co/A7DSzJGYnP",2023-03-14 21:51:22.424646
text,recorded_at
RT @SHARP_JP: å‹æ‰‹ã«ç§ã®è»¢è·ç›¸è«‡ã‚’ChatGPTã«ã™ãªï¼ï¼ï¼,2023-03-14 21:51:22.434648
text,recorded_at
@kthryn_hsr @martingommel HÃ¤tte ich vor 15 Jahren auch gebrauchen kÃ¶nnen. Stattdessen gab es ein â€œDu duâ€ und nach spÃ¤testens zwei Wochen war (fÃ¼r mich) wieder der Teufel los.,2023-03-14 21:51:22.439704
text,recorded_at
"RT @NSTnooknick: à¹à¸ˆà¸¡à¸ˆà¹‰à¸­à¸‡à¸à¸´à¸Ÿà¸´à¸¥à¹Œà¸¡ à¹à¸ˆà¸¡à¸¡à¸­à¸‡à¸œà¸¡à¸à¸´à¸Ÿà¸´à¸¥à¹Œà¸¡ à¹à¸ˆà¸¡à¸«à¸¢à¸´à¸šà¹€à¸›à¹€à¸›à¸­à¸£à¹Œà¸Šà¸¹à¸—à¸­à¸­à¸à¸ˆà¸²à¸à¸œà¸¡à¸à¸´à¸Ÿà¸´à¸¥à¹Œà¸¡ ğŸ˜³ğŸ¶ğŸ±

 JAM X FILM
#JFFanCon https://t.co/1RVDoMoeAy",2023-03-14 21:51:22.455609
text,recorded_at
ä¸Šé—¨é¢„çº¦å®‰æ’ï¼æ­£åœ¨è¥ä¸šï¼2023/3/14 16:54:29,2023-03-14 21:51:22.465610
text,recorded_at
@Shikinagi_2434 è²·ã„ã¾ã—ãŸğŸ˜ğŸ˜âœŒï¸,2023-03-14 21:51:22.470613
text,recorded_at
"@fattoquotidiano @AndreaScanzi Scanzi, tu che parli di narcisismo poi... Ma non vi accorgete che state facendo uscite piÃ¹ imbarazzanti di quelli al governo? Poi ci chiedete soldi perchÃ¨ state fallendo. Scendete dalla torre d'avorio che state vivendo grazie ai click sul Grande Fratello. FinchÃ¨ ce la farete...",2023-03-14 21:51:22.482610
text,recorded_at
RT @itsnongyim: à¸Šà¸²à¸¥à¹‡à¸­à¸•à¸«à¸¢à¸¸à¸”à¸”à¸”à¸” !!!! https://t.co/yx5npoTqOi,2023-03-14 21:51:22.487612
text,recorded_at
"@milkndvkookies CONGRATS ON THE STREET
CONGRATULATIONS J-HOPE AND JCOLE",2023-03-14 21:51:22.497610
text,recorded_at
RT @Moonchildsweet2: I vote #YetToCome for #BestMusicVideo at the 2023 #iHeartAwards @BTS_twt https://t.co/1XYIQWtx1K,2023-03-14 21:51:22.502609
text,recorded_at
Sidney Haydn #æ²ˆé˜³  #æ²ˆé˜³ä¸è¶³  #æ²ˆé˜³èµ„æº  https://t.co/qFvySVc3wU,2023-03-14 21:51:22.507610
text,recorded_at
æ˜æ—¥å­¦æ ¡ã®äººãŸã¡ã©ã‚“ã¾ã„w,2023-03-14 21:51:22.518610
text,recorded_at
"RT @panmile258: #à¸à¸£à¹‰à¸­à¸¡à¸ªà¹ˆà¸‡ à¸‚à¸­à¸‡à¹ƒà¸«à¸¡à¹ˆ à¹ƒà¸™à¸‹à¸µà¸¥ à¹„à¸¡à¹ˆà¹€à¸„à¸¢à¹à¸à¸°
I wish you the best #à¸Šà¸­à¸šà¹„à¸ˆà¸—à¸µà¹ˆà¸ªà¸¸à¸” 
(à¸¡à¸µà¸à¸£à¸°à¹€à¸›à¹‹à¸²à¸œà¹‰à¸²) 
à¹€à¸¥à¹ˆà¸¡à¸¥à¸° 380à¸¿
ğŸ“¬best express 40à¸¿ eco-postâ€¦",2023-03-14 21:51:22.532624
text,recorded_at
@inari_fox_09 ã€Œä¿ºã®ã‚¯ãƒ©ã‚¹ã‚¿ãƒ¼ã€ã€åŒ—ã§æš´ç™ºã€‚,2023-03-14 21:51:22.538626
text,recorded_at
"RT @AstonHistory: This afternoon Aston History were delighted to host Andrew Heavens, author of The Prince and the Plunder (The History Preâ€¦",2023-03-14 21:51:22.542623
text,recorded_at
à¸šà¸´à¸§à¸à¸´à¹‰à¸™à¸ˆà¸°à¸¡à¸²à¹à¸¥à¹‰à¸§ à¸à¸°à¸‹à¸´à¸šà¸—à¸µà¹„à¸”à¹‰à¸¡à¸±à¹‰à¸¢à¸„à¸° à¸•à¸­à¸™à¸™à¸µà¹‰à¸«à¸´à¸§à¸‚à¸™à¸¡à¸­à¸°à¹„à¸£à¸ªà¸±à¸à¸­à¸¢à¹ˆà¸²à¸‡ğŸ¥º #DaikinTH,2023-03-14 21:51:22.551625
text,recorded_at
@0xBlighty Gm gm Sir,2023-03-14 21:51:22.557624
text,recorded_at
@_KURONEKO_kk ç§ã‚‚ã‚ˆãå‘¼ã³æ–¹é–“é•ã‚ã‚Œã¾ã™ã€œ,2023-03-14 21:51:22.567625
text,recorded_at
"RT @EnFunds: Weâ€™re almost getting closer to ENHYPENâ€™s biggest and most legendary comeback yet!ğŸ”¥

Letâ€™s work together and break new recordsâ€¦",2023-03-14 21:51:22.573633
text,recorded_at
It's unreal that ppl believe him. Unless you live under a rock everyone has seen the January 6th tapes.   Tucker can call it tourism or a day at the beach but tourism doesn't injure 100s of ppl and kill cops! https://t.co/6Gca0Zwpzt,2023-03-14 21:51:22.582626
text,recorded_at
ãƒãƒ‹ãƒ¥ã‚¢ãƒ«ã¾ã¨ã‚é¢å€’ãã•ãƒ¼ã„,2023-03-14 21:51:22.587625
text,recorded_at
"RT @NaNaNa_Hope136: JUNG-my oh my!!!â¤ğŸ”¥-HOSEOK!

#jhope #ì œì´í™‰ #on_the_street https://t.co/zzUfPlC0Hh",2023-03-14 21:51:22.591623
text,recorded_at
@LushMusic_JP ã‹ã£ã“ã„ã„ãƒã‚¹ã‚¿ãƒ¼ã ï¼,2023-03-14 21:51:22.600626
text,recorded_at
"RT @yayoyui_: à¹€à¸„à¸¢à¹„à¸”à¹‰à¸¢à¸´à¸™à¹à¸•à¹ˆ â€œà¸”à¸·à¹‰à¸¡à¹€à¸à¸·à¹ˆà¸­à¸¥à¸·à¸¡à¹€à¸˜à¸­â€
à¹à¸•à¹ˆà¸­à¸±à¸™à¸™à¸µà¹‰ â€œà¸”à¸·à¹ˆà¸¡à¹€à¸à¸·à¹ˆà¸­à¹€à¸ˆà¸­à¹€à¸˜à¸­â€ #mixxiw 

#à¸”à¸±à¸Šà¸¡à¸´à¸¥à¸¥à¹ŒGOODDYxMIXXIW https://t.co/iyxiRY2yci",2023-03-14 21:51:22.604630
text,recorded_at
@FR1ENDSGO I ruined it lmao,2023-03-14 21:51:22.608625
text,recorded_at
"RT @Lilyou_95: æƒ³è¢«ä¸»äººå® å¹¸çš„æ¯ç‹—ç½¢äº†

@Gongtengxn  @Gongtengxl https://t.co/HpabjgMXbW",2023-03-14 21:51:22.617624
text,recorded_at
"RT @ninagrewal97: in emotionally healthy relationships, people being respectfully direct and asking questions for clarity and understandingâ€¦",2023-03-14 21:51:22.621622
text,recorded_at
@siteptbr Como alguÃ©m acha feio usar CHINELO na faculdade? Chinelo Ã© a oitava maravilha do mundo krl,2023-03-14 21:51:22.625625
text,recorded_at
@Yuu__5151 ã¾ã‚ã€ä½™ã‚Šæ°—è² ã‚ãšã«ã­ï¼,2023-03-14 21:51:22.634623
text,recorded_at
"RT @auo_BR: ğŸŒŸ#TVã‚¢ãƒ‹ãƒ¡æ”¾é€è¨˜å¿µï¼
ãƒ•ã‚©ãƒ­ãƒ¼&amp;RTã‚­ãƒ£ãƒ³ãƒšãƒ¼ãƒ³

#æ¥ æœ¨ã¨ã‚‚ã‚Š ã•ã‚“
ã‚¤ãƒ©ã‚¹ãƒˆä»˜ãã‚µã‚¤ãƒ³å…¥ã‚Šè‰²ç´™ã‚„
Amazonã‚®ãƒ•ãƒˆåˆ¸1ä¸‡å††åˆ† 
å½“ãŸã‚‹ï¼

å¿œå‹Ÿ
â‘ @auo_BR ãƒ•ã‚©ãƒ­ãƒ¼
â‘¡å½“ãƒ„ã‚¤ãƒ¼ãƒˆRT
â‘¢çµæœãŒDMã§å±Šã

å½“ãŸã‚‹ã¾ã§æ¯æ—¥å‚åŠ OKğŸµ

#â€¦",2023-03-14 21:51:22.640624
text,recorded_at
"RT @CyberConnectHQ: .@0xNullWrld  - a top-notch social platform for gamers.
https://t.co/dVf9vEjc7C

@HangoutMeta - a multi-chain Web 3 socâ€¦",2023-03-14 21:51:22.653624
text,recorded_at
"RT @guadalu13613800: karÅŸÄ±lÄ±k Ã¶nce ÅŸÃ¶yle ""Sizin yok, verdi: ama kiralanmÄ±ÅŸ. #Ã§erkezkÃ¶y Bayan haberiniz KarÄ±sÄ± Biraz Long https://t.co/QDyDFâ€¦",2023-03-14 21:51:22.656624
